timestamp,world,config,execution_time_s,nav_accuracy_m,path_efficiency,recovery_count,battery_pct,total_distance_m,navigation_active,goals_completed,goals_failed,goals_canceled,goal_status
2.9,obstacles,baseline,0.0,0.0,0.0,0,100.0,0.0,False,0,0,0,IDLE
3.0,obstacles,baseline,0.0,0.0,0.0,0,100.0,0.0,False,0,0,0,IDLE
3.5,obstacles,baseline,0.0,0.0,0.0,0,100.0,0.0,False,0,0,0,IDLE
4.0,obstacles,baseline,0.0,0.0,0.0,0,100.0,0.0,False,0,0,0,IDLE
4.5,obstacles,baseline,0.0,0.0,0.0,0,100.0,0.0,False,0,0,0,IDLE
5.0,obstacles,baseline,0.0,0.0,0.0,0,100.0,0.0,False,0,0,0,IDLE
5.5,obstacles,baseline,0.0,0.0,0.0,0,100.0,0.0,False,0,0,0,IDLE
6.0,obstacles,baseline,0.0,0.0,0.0,0,100.0,0.0,False,0,0,0,IDLE
6.5,obstacles,baseline,0.0,0.0,0.0,0,100.0,0.0,False,0,0,0,IDLE
7.0,obstacles,baseline,0.0,0.0,0.0,0,100.0,0.0,False,0,0,0,IDLE
7.5,obstacles,baseline,0.0,0.0,0.0,0,100.0,0.0,False,0,0,0,IDLE
8.0,obstacles,baseline,0.0,0.0,0.0,0,100.0,0.0,False,0,0,0,IDLE
8.5,obstacles,baseline,0.5,0.0,1.0,0,100.0,0.06,True,0,0,0,ACTIVE
9.0,obstacles,baseline,1.0,0.0,1.0,0,100.0,0.16,True,0,0,0,ACTIVE
9.5,obstacles,baseline,1.5,0.0,1.0,0,100.0,0.26,True,0,0,0,ACTIVE
10.0,obstacles,baseline,2.0,0.0,1.0,0,100.0,0.36,True,0,0,0,ACTIVE
10.5,obstacles,baseline,2.5,0.0,1.0,0,100.0,0.46,True,0,0,0,ACTIVE
11.0,obstacles,baseline,3.0,0.0,1.0,0,100.0,0.56,True,0,0,0,ACTIVE
11.5,obstacles,baseline,3.6,0.0,1.0,0,100.0,0.66,True,0,0,0,ACTIVE
12.0,obstacles,baseline,4.1,0.0,1.0,0,100.0,0.78,True,0,0,0,ACTIVE
12.5,obstacles,baseline,4.6,0.0,1.0,0,100.0,0.87,True,0,0,0,ACTIVE
13.0,obstacles,baseline,5.1,0.0,1.0,0,100.0,0.97,True,0,0,0,ACTIVE
13.5,obstacles,baseline,5.6,0.0,1.0,0,99.9,1.09,True,0,0,0,ACTIVE
14.0,obstacles,baseline,6.1,0.0,1.0,0,99.9,1.19,True,0,0,0,ACTIVE
14.5,obstacles,baseline,6.6,0.0,1.0,0,99.9,1.29,True,0,0,0,ACTIVE
15.0,obstacles,baseline,7.1,0.0,1.0,0,99.9,1.38,True,0,0,0,ACTIVE
15.5,obstacles,baseline,7.6,0.0,1.0,0,99.9,1.48,True,0,0,0,ACTIVE
16.0,obstacles,baseline,8.1,0.0,1.0,0,99.9,1.58,True,0,0,0,ACTIVE
16.5,obstacles,baseline,8.6,0.0,1.0,0,99.9,1.67,True,0,0,0,ACTIVE
17.0,obstacles,baseline,9.1,0.0,1.0,0,99.9,1.77,True,0,0,0,ACTIVE
17.5,obstacles,baseline,9.6,0.0,1.0,0,99.9,1.86,True,0,0,0,ACTIVE
18.0,obstacles,baseline,10.1,0.0,1.0,0,99.9,1.95,True,0,0,0,ACTIVE
18.5,obstacles,baseline,10.6,0.0,1.0,0,99.9,2.05,True,0,0,0,ACTIVE
19.0,obstacles,baseline,11.1,0.0,1.0,0,99.9,2.15,True,0,0,0,ACTIVE
19.5,obstacles,baseline,11.7,0.0,1.0,0,99.9,2.25,True,0,0,0,ACTIVE
20.0,obstacles,baseline,12.2,0.0,1.0,0,99.9,2.36,True,0,0,0,ACTIVE
20.5,obstacles,baseline,12.7,0.0,1.0,0,99.9,2.46,True,0,0,0,ACTIVE
21.0,obstacles,baseline,13.2,0.0,1.0,0,99.9,2.55,True,0,0,0,ACTIVE
21.5,obstacles,baseline,13.7,0.0,1.0,0,99.9,2.66,True,0,0,0,ACTIVE
22.0,obstacles,baseline,14.2,0.0,1.0,0,99.9,2.74,True,0,0,0,ACTIVE
22.5,obstacles,baseline,14.7,0.0,1.0,0,99.9,2.84,True,0,0,0,ACTIVE
23.0,obstacles,baseline,15.2,0.0,1.0,0,99.9,2.94,True,0,0,0,ACTIVE
23.5,obstacles,baseline,15.7,0.0,1.0,0,99.8,3.02,True,0,0,0,ACTIVE
24.0,obstacles,baseline,16.2,0.0,1.0,0,99.8,3.12,True,0,0,0,ACTIVE
24.5,obstacles,baseline,16.7,0.0,1.0,0,99.8,3.21,True,0,0,0,ACTIVE
25.0,obstacles,baseline,17.2,0.0,1.0,0,99.8,3.3,True,0,0,0,ACTIVE
25.5,obstacles,baseline,17.7,0.0,1.0,0,99.8,3.41,True,0,0,0,ACTIVE
26.0,obstacles,baseline,18.2,0.0,1.0,0,99.8,3.51,True,0,0,0,ACTIVE
26.5,obstacles,baseline,18.8,0.0,1.0,0,99.8,3.61,True,0,0,0,ACTIVE
27.0,obstacles,baseline,19.2,0.0,1.0,0,99.8,3.7,True,0,0,0,ACTIVE
27.5,obstacles,baseline,19.8,0.0,1.0,0,99.8,3.8,True,0,0,0,ACTIVE
28.0,obstacles,baseline,20.3,0.0,1.0,0,99.8,3.88,True,0,0,0,ACTIVE
28.5,obstacles,baseline,20.8,0.0,1.0,0,99.8,3.94,True,0,0,0,ACTIVE
29.0,obstacles,baseline,21.3,0.0,1.0,0,99.8,3.99,True,0,0,0,ACTIVE
29.5,obstacles,baseline,21.8,0.0,1.0,0,99.8,4.03,True,0,0,0,ACTIVE
30.0,obstacles,baseline,22.3,0.0,1.0,0,99.8,4.03,True,0,0,0,ACTIVE
30.5,obstacles,baseline,22.8,0.0,1.0,0,99.8,4.03,True,0,0,0,ACTIVE
31.0,obstacles,baseline,23.3,0.0,1.0,0,99.8,4.08,True,0,0,0,ACTIVE
31.5,obstacles,baseline,23.4,0.352,1.0,0,99.8,4.13,False,1,0,0,SUCCEEDED
32.0,obstacles,baseline,23.4,0.352,1.0,0,99.8,4.19,False,1,0,0,SUCCEEDED
32.5,obstacles,baseline,23.4,0.352,1.0,0,99.8,4.22,False,1,0,0,SUCCEEDED
33.0,obstacles,baseline,23.4,0.352,1.0,0,99.8,4.22,False,1,0,0,SUCCEEDED
33.5,obstacles,baseline,23.4,0.352,1.0,0,99.8,4.22,False,1,0,0,SUCCEEDED
34.0,obstacles,baseline,23.4,0.352,1.0,0,99.8,4.22,False,1,0,0,SUCCEEDED
34.5,obstacles,baseline,0.5,0.352,1.0,0,99.8,4.22,True,1,0,0,ACTIVE
35.0,obstacles,baseline,1.0,0.352,1.0,0,99.8,4.22,True,1,0,0,ACTIVE
35.5,obstacles,baseline,1.5,0.352,1.0,0,99.8,4.28,True,1,0,0,ACTIVE
36.0,obstacles,baseline,2.0,0.352,1.0,0,99.8,4.4,True,1,0,0,ACTIVE
36.5,obstacles,baseline,2.5,0.352,1.0,0,99.8,4.49,True,1,0,0,ACTIVE
37.0,obstacles,baseline,3.0,0.352,0.93,0,99.8,4.6,True,1,0,0,ACTIVE
37.5,obstacles,baseline,3.5,0.352,0.72,0,99.8,4.7,True,1,0,0,ACTIVE
38.0,obstacles,baseline,4.0,0.352,0.61,0,99.8,4.78,True,1,0,0,ACTIVE
38.5,obstacles,baseline,4.6,0.352,0.51,0,99.8,4.89,True,1,0,0,ACTIVE
39.0,obstacles,baseline,5.1,0.352,0.44,0,99.8,4.99,True,1,0,0,ACTIVE
39.5,obstacles,baseline,5.6,0.352,0.4,0,99.7,5.07,True,1,0,0,ACTIVE
40.0,obstacles,baseline,6.1,0.352,0.35,0,99.7,5.18,True,1,0,0,ACTIVE
40.5,obstacles,baseline,6.6,0.352,0.32,0,99.7,5.27,True,1,0,0,ACTIVE
41.0,obstacles,baseline,7.1,0.352,0.29,0,99.7,5.37,True,1,0,0,ACTIVE
41.5,obstacles,baseline,7.6,0.352,0.27,0,99.7,5.46,True,1,0,0,ACTIVE
42.0,obstacles,baseline,8.1,0.352,0.25,0,99.7,5.54,True,1,0,0,ACTIVE
42.5,obstacles,baseline,8.6,0.352,0.24,0,99.7,5.64,True,1,0,0,ACTIVE
43.0,obstacles,baseline,9.1,0.352,0.22,0,99.7,5.73,True,1,0,0,ACTIVE
43.5,obstacles,baseline,9.6,0.352,0.21,0,99.7,5.83,True,1,0,0,ACTIVE
44.0,obstacles,baseline,10.1,0.352,0.2,0,99.7,5.93,True,1,0,0,ACTIVE
44.5,obstacles,baseline,10.6,0.352,0.18,0,99.7,6.03,True,1,0,0,ACTIVE
45.0,obstacles,baseline,11.1,0.352,0.17,0,99.7,6.13,True,1,0,0,ACTIVE
45.5,obstacles,baseline,11.6,0.352,0.17,0,99.7,6.24,True,1,0,0,ACTIVE
46.0,obstacles,baseline,12.1,0.352,0.16,0,99.7,6.32,True,1,0,0,ACTIVE
46.5,obstacles,baseline,12.6,0.352,0.16,0,99.7,6.37,True,1,0,0,ACTIVE
47.0,obstacles,baseline,13.2,0.352,0.15,0,99.7,6.42,True,1,0,0,ACTIVE
47.5,obstacles,baseline,13.7,0.352,0.15,0,99.7,6.45,True,1,0,0,ACTIVE
48.0,obstacles,baseline,14.2,0.352,0.15,0,99.7,6.46,True,1,0,0,ACTIVE
48.5,obstacles,baseline,14.7,2.38,0.15,0,99.7,6.46,False,2,0,0,SUCCEEDED
49.0,obstacles,baseline,14.7,2.38,0.15,0,99.7,6.47,False,2,0,0,SUCCEEDED
49.5,obstacles,baseline,14.7,2.38,0.15,0,99.7,6.5,False,2,0,0,SUCCEEDED
50.0,obstacles,baseline,14.7,2.38,0.15,0,99.7,6.51,False,2,0,0,SUCCEEDED
50.5,obstacles,baseline,14.7,2.38,0.15,0,99.7,6.51,False,2,0,0,SUCCEEDED
51.0,obstacles,baseline,14.7,2.38,0.15,0,99.7,6.51,False,2,0,0,SUCCEEDED
51.5,obstacles,baseline,0.5,2.38,1.0,0,99.7,6.56,True,2,0,0,ACTIVE
52.0,obstacles,baseline,1.0,2.38,0.72,0,99.7,6.66,True,2,0,0,ACTIVE
52.5,obstacles,baseline,1.5,2.38,0.42,0,99.7,6.77,True,2,0,0,ACTIVE
53.0,obstacles,baseline,2.0,2.38,0.29,0,99.7,6.86,True,2,0,0,ACTIVE
53.5,obstacles,baseline,2.5,2.38,0.23,0,99.7,6.96,True,2,0,0,ACTIVE
54.0,obstacles,baseline,3.0,2.38,0.19,0,99.6,7.05,True,2,0,0,ACTIVE
54.5,obstacles,baseline,3.5,2.38,0.16,0,99.6,7.15,True,2,0,0,ACTIVE
55.0,obstacles,baseline,4.0,2.38,0.14,0,99.6,7.24,True,2,0,0,ACTIVE
55.5,obstacles,baseline,4.5,2.38,0.12,0,99.6,7.35,True,2,0,0,ACTIVE
56.0,obstacles,baseline,5.0,2.38,0.11,0,99.6,7.45,True,2,0,0,ACTIVE
56.5,obstacles,baseline,5.6,2.38,0.1,0,99.6,7.53,True,2,0,0,ACTIVE
57.0,obstacles,baseline,6.1,2.38,0.09,0,99.6,7.63,True,2,0,0,ACTIVE
57.5,obstacles,baseline,6.6,2.38,0.08,0,99.6,7.73,True,2,0,0,ACTIVE
58.0,obstacles,baseline,7.1,2.38,0.08,0,99.6,7.83,True,2,0,0,ACTIVE
58.5,obstacles,baseline,7.6,2.38,0.07,0,99.6,7.88,True,2,0,0,ACTIVE
59.0,obstacles,baseline,8.1,2.38,0.07,0,99.6,7.93,True,2,0,0,ACTIVE
59.5,obstacles,baseline,8.6,2.38,0.07,0,99.6,7.97,True,2,0,0,ACTIVE
60.0,obstacles,baseline,9.1,2.38,0.07,0,99.6,7.97,True,2,0,0,ACTIVE
60.5,obstacles,baseline,9.6,2.38,0.07,0,99.6,7.97,True,2,0,0,ACTIVE
61.0,obstacles,baseline,10.1,1.36,0.07,0,99.6,7.99,False,3,0,0,SUCCEEDED
61.5,obstacles,baseline,10.1,1.36,0.07,0,99.6,8.01,False,3,0,0,SUCCEEDED
62.0,obstacles,baseline,10.1,1.36,0.07,0,99.6,8.03,False,3,0,0,SUCCEEDED
62.5,obstacles,baseline,10.1,1.36,0.07,0,99.6,8.03,False,3,0,0,SUCCEEDED
63.0,obstacles,baseline,10.1,1.36,0.07,0,99.6,8.03,False,3,0,0,SUCCEEDED
63.5,obstacles,baseline,0.5,1.36,1.0,0,99.6,8.1,True,3,0,0,ACTIVE
64.0,obstacles,baseline,1.0,1.36,1.0,0,99.6,8.2,True,3,0,0,ACTIVE
64.5,obstacles,baseline,1.5,1.36,1.0,0,99.6,8.29,True,3,0,0,ACTIVE
65.0,obstacles,baseline,2.0,1.36,1.0,0,99.6,8.39,True,3,0,0,ACTIVE
65.5,obstacles,baseline,2.5,1.36,1.0,0,99.6,8.49,True,3,0,0,ACTIVE
66.0,obstacles,baseline,3.0,1.36,1.0,0,99.6,8.57,True,3,0,0,ACTIVE
66.5,obstacles,baseline,3.6,1.36,1.0,0,99.6,8.67,True,3,0,0,ACTIVE
67.0,obstacles,baseline,4.1,1.36,1.0,0,99.6,8.76,True,3,0,0,ACTIVE
67.5,obstacles,baseline,4.6,1.36,1.0,0,99.6,8.86,True,3,0,0,ACTIVE
68.0,obstacles,baseline,5.1,1.36,1.0,0,99.6,8.96,True,3,0,0,ACTIVE
68.5,obstacles,baseline,5.6,1.36,1.0,0,99.5,9.07,True,3,0,0,ACTIVE
69.0,obstacles,baseline,6.1,1.36,1.0,0,99.5,9.17,True,3,0,0,ACTIVE
69.5,obstacles,baseline,6.6,1.36,1.0,0,99.5,9.27,True,3,0,0,ACTIVE
70.0,obstacles,baseline,7.1,1.36,1.0,0,99.5,9.35,True,3,0,0,ACTIVE
70.5,obstacles,baseline,7.6,1.36,1.0,0,99.5,9.45,True,3,0,0,ACTIVE
71.0,obstacles,baseline,8.1,1.36,1.0,0,99.5,9.55,True,3,0,0,ACTIVE
71.5,obstacles,baseline,8.6,1.36,1.0,0,99.5,9.65,True,3,0,0,ACTIVE
72.0,obstacles,baseline,9.1,1.36,1.0,0,99.5,9.75,True,3,0,0,ACTIVE
72.5,obstacles,baseline,9.6,1.36,1.0,0,99.5,9.84,True,3,0,0,ACTIVE
73.0,obstacles,baseline,10.1,1.36,1.0,0,99.5,9.93,True,3,0,0,ACTIVE
73.5,obstacles,baseline,10.6,1.36,1.0,0,99.5,10.03,True,3,0,0,ACTIVE
74.0,obstacles,baseline,11.1,1.36,1.0,0,99.5,10.12,True,3,0,0,ACTIVE
74.5,obstacles,baseline,11.6,1.36,1.0,0,99.5,10.22,True,3,0,0,ACTIVE
75.0,obstacles,baseline,12.1,1.36,1.0,0,99.5,10.32,True,3,0,0,ACTIVE
75.5,obstacles,baseline,12.6,1.36,1.0,0,99.5,10.39,True,3,0,0,ACTIVE
76.0,obstacles,baseline,13.2,1.36,1.0,0,99.5,10.46,True,3,0,0,ACTIVE
76.5,obstacles,baseline,13.7,1.36,1.0,0,99.5,10.51,True,3,0,0,ACTIVE
77.0,obstacles,baseline,14.2,1.36,0.98,0,99.5,10.54,True,3,0,0,ACTIVE
77.5,obstacles,baseline,14.7,1.36,0.98,0,99.5,10.56,True,3,0,0,ACTIVE
78.0,obstacles,baseline,15.2,1.36,0.98,0,99.5,10.56,True,3,0,0,ACTIVE
78.5,obstacles,baseline,15.7,1.36,0.95,0,99.5,10.63,True,3,0,0,ACTIVE
79.0,obstacles,baseline,15.8,0.118,0.95,0,99.5,10.67,False,4,0,0,SUCCEEDED
79.5,obstacles,baseline,15.8,0.118,0.95,0,99.5,10.72,False,4,0,0,SUCCEEDED
80.0,obstacles,baseline,15.8,0.118,0.95,0,99.5,10.73,False,4,0,0,SUCCEEDED
80.5,obstacles,baseline,15.8,0.118,0.95,0,99.5,10.73,False,4,0,0,SUCCEEDED
81.0,obstacles,baseline,15.8,0.118,0.95,0,99.5,10.73,False,4,0,0,SUCCEEDED
81.5,obstacles,baseline,0.5,0.118,1.0,0,99.5,10.74,True,4,0,0,ACTIVE
82.0,obstacles,baseline,1.0,0.118,1.0,0,99.5,10.83,True,4,0,0,ACTIVE
82.5,obstacles,baseline,1.5,0.118,0.54,0,99.5,10.93,True,4,0,0,ACTIVE
83.0,obstacles,baseline,2.0,0.118,0.36,0,99.4,11.02,True,4,0,0,ACTIVE
83.5,obstacles,baseline,2.5,0.118,0.28,0,99.4,11.11,True,4,0,0,ACTIVE
84.0,obstacles,baseline,3.0,0.118,0.22,0,99.4,11.21,True,4,0,0,ACTIVE
84.5,obstacles,baseline,3.5,0.118,0.18,0,99.4,11.3,True,4,0,0,ACTIVE
85.0,obstacles,baseline,4.0,0.118,0.16,0,99.4,11.4,True,4,0,0,ACTIVE
85.5,obstacles,baseline,4.5,0.118,0.14,0,99.4,11.5,True,4,0,0,ACTIVE
86.0,obstacles,baseline,5.0,0.118,0.12,0,99.4,11.61,True,4,0,0,ACTIVE
86.5,obstacles,baseline,5.5,0.118,0.11,0,99.4,11.71,True,4,0,0,ACTIVE
87.0,obstacles,baseline,6.1,0.118,0.1,0,99.4,11.8,True,4,0,0,ACTIVE
87.5,obstacles,baseline,6.6,0.118,0.09,0,99.4,11.91,True,4,0,0,ACTIVE
88.0,obstacles,baseline,7.1,0.118,0.08,0,99.4,12.0,True,4,0,0,ACTIVE
88.5,obstacles,baseline,7.6,0.118,0.07,0,99.4,12.1,True,4,0,0,ACTIVE
89.0,obstacles,baseline,8.1,0.118,0.07,0,99.4,12.2,True,4,0,0,ACTIVE
89.5,obstacles,baseline,8.6,0.118,0.07,0,99.4,12.27,True,4,0,0,ACTIVE
90.0,obstacles,baseline,9.1,0.118,0.06,0,99.4,12.38,True,4,0,0,ACTIVE
90.5,obstacles,baseline,9.6,0.118,0.06,0,99.4,12.47,True,4,0,0,ACTIVE
91.0,obstacles,baseline,10.1,0.118,0.06,0,99.4,12.54,True,4,0,0,ACTIVE
91.5,obstacles,baseline,10.6,0.118,0.05,0,99.4,12.64,True,4,0,0,ACTIVE
92.0,obstacles,baseline,11.1,0.118,0.05,0,99.4,12.74,True,4,0,0,ACTIVE
92.5,obstacles,baseline,11.6,0.118,0.05,0,99.4,12.82,True,4,0,0,ACTIVE
93.0,obstacles,baseline,12.1,0.118,0.05,0,99.4,12.92,True,4,0,0,ACTIVE
93.5,obstacles,baseline,12.6,0.118,0.04,0,99.3,13.02,True,4,0,0,ACTIVE
94.0,obstacles,baseline,13.1,0.118,0.04,0,99.3,13.13,True,4,0,0,ACTIVE
94.5,obstacles,baseline,13.6,0.118,0.04,0,99.3,13.24,True,4,0,0,ACTIVE
95.0,obstacles,baseline,14.1,0.118,0.04,0,99.3,13.31,True,4,0,0,ACTIVE
95.5,obstacles,baseline,14.6,0.118,0.04,0,99.3,13.4,True,4,0,0,ACTIVE
96.0,obstacles,baseline,15.2,0.118,0.04,0,99.3,13.5,True,4,0,0,ACTIVE
96.5,obstacles,baseline,15.7,0.118,0.04,0,99.3,13.56,True,4,0,0,ACTIVE
97.0,obstacles,baseline,16.2,0.118,0.04,0,99.3,13.61,True,4,0,0,ACTIVE
97.5,obstacles,baseline,16.7,0.118,0.03,0,99.3,13.65,True,4,0,0,ACTIVE
98.0,obstacles,baseline,17.2,0.118,0.03,0,99.3,13.66,True,4,0,0,ACTIVE
98.5,obstacles,baseline,17.7,0.118,0.03,0,99.3,13.66,True,4,0,0,ACTIVE
99.0,obstacles,baseline,18.2,0.118,0.03,0,99.3,13.66,True,4,0,0,ACTIVE
99.5,obstacles,baseline,18.7,0.118,0.03,0,99.3,13.69,True,4,0,0,ACTIVE
100.0,obstacles,baseline,19.2,0.118,0.03,0,99.3,13.71,True,4,0,0,ACTIVE
100.5,obstacles,baseline,19.7,0.118,0.03,0,99.3,13.75,True,4,0,0,ACTIVE
101.0,obstacles,baseline,20.2,0.118,0.03,0,99.3,13.76,True,4,0,0,ACTIVE
101.5,obstacles,baseline,20.7,0.118,0.03,0,99.3,13.79,True,4,0,0,ACTIVE
102.0,obstacles,baseline,21.2,0.118,0.03,0,99.3,13.85,True,4,0,0,ACTIVE
102.5,obstacles,baseline,21.7,0.118,0.03,0,99.3,13.9,True,4,0,0,ACTIVE
103.0,obstacles,baseline,22.2,0.118,0.03,0,99.3,13.92,True,4,0,0,ACTIVE
103.5,obstacles,baseline,22.7,0.118,0.03,0,99.3,13.92,True,4,0,0,ACTIVE
104.0,obstacles,baseline,23.2,0.118,0.03,0,99.3,13.96,True,4,0,0,ACTIVE
104.5,obstacles,baseline,23.3,2.838,0.03,0,99.3,13.98,False,5,0,0,SUCCEEDED
105.0,obstacles,baseline,23.3,2.838,0.03,0,99.3,14.0,False,5,0,0,SUCCEEDED
105.5,obstacles,baseline,23.3,2.838,0.03,0,99.3,14.01,False,5,0,0,SUCCEEDED
106.0,obstacles,baseline,23.3,2.838,0.03,0,99.3,14.01,False,5,0,0,SUCCEEDED
106.5,obstacles,baseline,0.5,2.838,1.0,0,99.3,14.08,True,5,0,0,ACTIVE
107.0,obstacles,baseline,1.0,2.838,1.0,0,99.3,14.18,True,5,0,0,ACTIVE
107.5,obstacles,baseline,1.5,2.838,1.0,0,99.3,14.28,True,5,0,0,ACTIVE
108.0,obstacles,baseline,2.0,2.838,1.0,0,99.3,14.38,True,5,0,0,ACTIVE
108.5,obstacles,baseline,2.5,2.838,1.0,0,99.3,14.47,True,5,0,0,ACTIVE
109.0,obstacles,baseline,3.0,2.838,1.0,0,99.3,14.58,True,5,0,0,ACTIVE
109.5,obstacles,baseline,3.5,2.838,1.0,0,99.3,14.67,True,5,0,0,ACTIVE
110.0,obstacles,baseline,4.0,2.838,1.0,0,99.3,14.76,True,5,0,0,ACTIVE
110.5,obstacles,baseline,4.6,2.838,1.0,0,99.3,14.87,True,5,0,0,ACTIVE
111.0,obstacles,baseline,5.0,2.838,1.0,0,99.3,14.96,True,5,0,0,ACTIVE
111.5,obstacles,baseline,5.6,2.838,1.0,0,99.2,15.04,True,5,0,0,ACTIVE
112.0,obstacles,baseline,6.1,2.838,1.0,0,99.2,15.14,True,5,0,0,ACTIVE
112.5,obstacles,baseline,6.6,2.838,1.0,0,99.2,15.24,True,5,0,0,ACTIVE
113.0,obstacles,baseline,7.1,2.838,1.0,0,99.2,15.34,True,5,0,0,ACTIVE
113.5,obstacles,baseline,7.6,2.838,1.0,0,99.2,15.44,True,5,0,0,ACTIVE
114.0,obstacles,baseline,8.1,2.838,1.0,0,99.2,15.54,True,5,0,0,ACTIVE
114.5,obstacles,baseline,8.6,2.838,1.0,0,99.2,15.64,True,5,0,0,ACTIVE
115.0,obstacles,baseline,9.1,2.838,1.0,0,99.2,15.74,True,5,0,0,ACTIVE
115.5,obstacles,baseline,9.6,2.838,1.0,0,99.2,15.87,True,5,0,0,ACTIVE
116.0,obstacles,baseline,10.1,2.838,1.0,0,99.2,15.96,True,5,0,0,ACTIVE
116.5,obstacles,baseline,10.6,2.838,1.0,0,99.2,16.03,True,5,0,0,ACTIVE
117.0,obstacles,baseline,11.1,2.838,1.0,0,99.2,16.12,True,5,0,0,ACTIVE
117.5,obstacles,baseline,11.6,2.838,1.0,0,99.2,16.15,True,5,0,0,ACTIVE
118.0,obstacles,baseline,12.1,2.838,1.0,0,99.2,16.15,True,5,0,0,ACTIVE
118.5,obstacles,baseline,12.6,2.838,1.0,0,99.2,16.15,True,5,0,0,ACTIVE
119.0,obstacles,baseline,13.1,2.838,1.0,0,99.2,16.15,True,5,0,0,ACTIVE
119.5,obstacles,baseline,13.7,2.838,1.0,0,99.2,16.18,True,5,0,0,ACTIVE
120.0,obstacles,baseline,14.2,2.838,1.0,0,99.2,16.21,True,5,0,0,ACTIVE
120.5,obstacles,baseline,14.7,2.838,1.0,0,99.2,16.23,True,5,0,0,ACTIVE
121.0,obstacles,baseline,15.2,2.838,1.0,0,99.2,16.26,True,5,0,0,ACTIVE
121.5,obstacles,baseline,15.7,2.838,1.0,0,99.2,16.27,True,5,0,0,ACTIVE
122.0,obstacles,baseline,16.2,2.838,1.0,0,99.2,16.29,True,5,0,0,ACTIVE
122.5,obstacles,baseline,16.7,2.838,1.0,0,99.2,16.32,True,5,0,0,ACTIVE
123.0,obstacles,baseline,17.2,2.838,1.0,0,99.2,16.33,True,5,0,0,ACTIVE
123.5,obstacles,baseline,17.7,0.332,1.0,0,99.2,16.33,False,6,0,0,SUCCEEDED
124.0,obstacles,baseline,17.7,0.332,1.0,0,99.2,16.35,False,6,0,0,SUCCEEDED
124.5,obstacles,baseline,17.7,0.332,1.0,0,99.2,16.38,False,6,0,0,SUCCEEDED
125.0,obstacles,baseline,17.7,0.332,1.0,0,99.2,16.38,False,6,0,0,SUCCEEDED
125.5,obstacles,baseline,17.7,0.332,1.0,0,99.2,16.38,False,6,0,0,SUCCEEDED
126.0,obstacles,baseline,17.7,0.332,1.0,0,99.2,16.38,False,6,0,0,SUCCEEDED
126.5,obstacles,baseline,0.5,0.332,1.0,0,99.2,16.45,True,6,0,0,ACTIVE
127.0,obstacles,baseline,1.0,0.332,1.0,0,99.2,16.55,True,6,0,0,ACTIVE
127.5,obstacles,baseline,1.5,0.332,1.0,0,99.2,16.65,True,6,0,0,ACTIVE
128.0,obstacles,baseline,2.0,0.332,1.0,0,99.2,16.75,True,6,0,0,ACTIVE
128.5,obstacles,baseline,2.5,0.332,1.0,0,99.2,16.84,True,6,0,0,ACTIVE
129.0,obstacles,baseline,3.0,0.332,1.0,0,99.2,16.92,True,6,0,0,ACTIVE
129.5,obstacles,baseline,3.5,0.332,1.0,0,99.1,17.02,True,6,0,0,ACTIVE
130.0,obstacles,baseline,4.0,0.332,1.0,0,99.1,17.11,True,6,0,0,ACTIVE
130.5,obstacles,baseline,4.5,0.332,1.0,0,99.1,17.21,True,6,0,0,ACTIVE
131.0,obstacles,baseline,5.1,0.332,1.0,0,99.1,17.32,True,6,0,0,ACTIVE
131.5,obstacles,baseline,5.6,0.332,1.0,0,99.1,17.39,True,6,0,0,ACTIVE
132.0,obstacles,baseline,6.1,0.332,1.0,0,99.1,17.5,True,6,0,0,ACTIVE
132.5,obstacles,baseline,6.6,0.332,1.0,0,99.1,17.6,True,6,0,0,ACTIVE
133.0,obstacles,baseline,7.1,0.332,1.0,0,99.1,17.69,True,6,0,0,ACTIVE
133.5,obstacles,baseline,7.6,0.332,1.0,0,99.1,17.79,True,6,0,0,ACTIVE
134.0,obstacles,baseline,8.1,0.332,1.0,0,99.1,17.89,True,6,0,0,ACTIVE
134.5,obstacles,baseline,8.6,0.332,1.0,0,99.1,18.0,True,6,0,0,ACTIVE
135.0,obstacles,baseline,9.1,0.332,1.0,0,99.1,18.1,True,6,0,0,ACTIVE
135.5,obstacles,baseline,9.6,0.332,1.0,0,99.1,18.2,True,6,0,0,ACTIVE
136.0,obstacles,baseline,10.1,0.332,1.0,0,99.1,18.28,True,6,0,0,ACTIVE
136.5,obstacles,baseline,10.6,0.332,1.0,0,99.1,18.34,True,6,0,0,ACTIVE
137.0,obstacles,baseline,11.1,0.332,1.0,0,99.1,18.39,True,6,0,0,ACTIVE
137.5,obstacles,baseline,11.6,0.332,1.0,0,99.1,18.44,True,6,0,0,ACTIVE
138.0,obstacles,baseline,12.1,0.332,1.0,0,99.1,18.44,True,6,0,0,ACTIVE
138.5,obstacles,baseline,12.7,0.332,1.0,0,99.1,18.44,True,6,0,0,ACTIVE
139.0,obstacles,baseline,13.2,0.332,1.0,0,99.1,18.46,True,6,0,0,ACTIVE
139.5,obstacles,baseline,13.7,0.332,1.0,0,99.1,18.5,True,6,0,0,ACTIVE
140.0,obstacles,baseline,13.9,0.083,1.0,0,99.1,18.52,False,7,0,0,SUCCEEDED
140.5,obstacles,baseline,13.9,0.083,1.0,0,99.1,18.55,False,7,0,0,SUCCEEDED
141.0,obstacles,baseline,13.9,0.083,1.0,0,99.1,18.59,False,7,0,0,SUCCEEDED
141.5,obstacles,baseline,13.9,0.083,1.0,0,99.1,18.59,False,7,0,0,SUCCEEDED
142.0,obstacles,baseline,13.9,0.083,1.0,0,99.1,18.59,False,7,0,0,SUCCEEDED
142.5,obstacles,baseline,0.5,0.083,1.0,0,99.1,18.65,True,7,0,0,ACTIVE
143.0,obstacles,baseline,1.0,0.083,1.0,0,99.1,18.76,True,7,0,0,ACTIVE
143.5,obstacles,baseline,1.5,0.083,1.0,0,99.1,18.85,True,7,0,0,ACTIVE
144.0,obstacles,baseline,2.0,0.083,1.0,0,99.1,18.95,True,7,0,0,ACTIVE
144.5,obstacles,baseline,2.5,0.083,1.0,0,99.0,19.06,True,7,0,0,ACTIVE
145.0,obstacles,baseline,3.0,0.083,1.0,0,99.0,19.16,True,7,0,0,ACTIVE
145.5,obstacles,baseline,3.5,0.083,1.0,0,99.0,19.24,True,7,0,0,ACTIVE
146.0,obstacles,baseline,4.0,0.083,1.0,0,99.0,19.35,True,7,0,0,ACTIVE
146.5,obstacles,baseline,4.5,0.083,1.0,0,99.0,19.44,True,7,0,0,ACTIVE
147.0,obstacles,baseline,5.1,0.083,1.0,0,99.0,19.54,True,7,0,0,ACTIVE
147.5,obstacles,baseline,5.6,0.083,1.0,0,99.0,19.65,True,7,0,0,ACTIVE
148.0,obstacles,baseline,6.1,0.083,1.0,0,99.0,19.75,True,7,0,0,ACTIVE
148.5,obstacles,baseline,6.6,0.083,1.0,0,99.0,19.86,True,7,0,0,ACTIVE
149.0,obstacles,baseline,7.1,0.083,1.0,0,99.0,19.96,True,7,0,0,ACTIVE
149.5,obstacles,baseline,7.6,0.083,1.0,0,99.0,20.06,True,7,0,0,ACTIVE
150.0,obstacles,baseline,8.1,0.083,1.0,0,99.0,20.16,True,7,0,0,ACTIVE
150.5,obstacles,baseline,8.6,0.083,1.0,0,99.0,20.26,True,7,0,0,ACTIVE
151.0,obstacles,baseline,9.1,0.083,1.0,0,99.0,20.36,True,7,0,0,ACTIVE
151.5,obstacles,baseline,9.6,0.083,1.0,0,99.0,20.45,True,7,0,0,ACTIVE
152.0,obstacles,baseline,10.1,0.083,1.0,0,99.0,20.54,True,7,0,0,ACTIVE
152.5,obstacles,baseline,10.6,0.083,1.0,0,99.0,20.64,True,7,0,0,ACTIVE
153.0,obstacles,baseline,11.1,0.083,1.0,0,99.0,20.74,True,7,0,0,ACTIVE
153.5,obstacles,baseline,11.6,0.083,1.0,0,99.0,20.83,True,7,0,0,ACTIVE
154.0,obstacles,baseline,12.2,0.083,1.0,0,99.0,20.93,True,7,0,0,ACTIVE
154.5,obstacles,baseline,12.7,0.083,1.0,0,98.9,21.03,True,7,0,0,ACTIVE
155.0,obstacles,baseline,13.2,0.083,1.0,0,98.9,21.13,True,7,0,0,ACTIVE
155.5,obstacles,baseline,13.7,0.083,1.0,0,98.9,21.23,True,7,0,0,ACTIVE
156.0,obstacles,baseline,14.2,0.083,1.0,0,98.9,21.31,True,7,0,0,ACTIVE
156.5,obstacles,baseline,14.7,0.083,1.0,0,98.9,21.39,True,7,0,0,ACTIVE
157.0,obstacles,baseline,15.2,0.083,1.0,0,98.9,21.45,True,7,0,0,ACTIVE
157.5,obstacles,baseline,15.7,0.083,1.0,0,98.9,21.48,True,7,0,0,ACTIVE
158.0,obstacles,baseline,16.2,0.083,0.99,0,98.9,21.52,True,7,0,0,ACTIVE
158.5,obstacles,baseline,16.7,0.083,0.99,0,98.9,21.53,True,7,0,0,ACTIVE
159.0,obstacles,baseline,17.2,0.083,0.99,0,98.9,21.53,True,7,0,0,ACTIVE
159.5,obstacles,baseline,17.7,0.083,0.98,0,98.9,21.55,True,7,0,0,ACTIVE
160.0,obstacles,baseline,18.0,0.103,0.98,0,98.9,21.6,False,8,0,0,SUCCEEDED
160.5,obstacles,baseline,18.0,0.103,0.98,0,98.9,21.63,False,8,0,0,SUCCEEDED
161.0,obstacles,baseline,18.0,0.103,0.98,0,98.9,21.67,False,8,0,0,SUCCEEDED
161.5,obstacles,baseline,18.0,0.103,0.98,0,98.9,21.67,False,8,0,0,SUCCEEDED
162.0,obstacles,baseline,18.0,0.103,0.98,0,98.9,21.67,False,8,0,0,SUCCEEDED
162.5,obstacles,baseline,0.5,0.103,1.0,0,98.9,21.73,True,8,0,0,ACTIVE
163.0,obstacles,baseline,1.0,0.103,1.0,0,98.9,21.83,True,8,0,0,ACTIVE
163.5,obstacles,baseline,1.5,0.103,1.0,0,98.9,21.93,True,8,0,0,ACTIVE
164.0,obstacles,baseline,2.0,0.103,1.0,0,98.9,22.02,True,8,0,0,ACTIVE
164.5,obstacles,baseline,2.5,0.103,1.0,0,98.9,22.13,True,8,0,0,ACTIVE
165.0,obstacles,baseline,3.0,0.103,1.0,0,98.9,22.23,True,8,0,0,ACTIVE
165.5,obstacles,baseline,3.6,0.103,1.0,0,98.9,22.32,True,8,0,0,ACTIVE
166.0,obstacles,baseline,4.1,0.103,1.0,0,98.9,22.42,True,8,0,0,ACTIVE
166.5,obstacles,baseline,4.6,0.103,1.0,0,98.9,22.52,True,8,0,0,ACTIVE
167.0,obstacles,baseline,5.1,0.103,1.0,0,98.9,22.61,True,8,0,0,ACTIVE
167.5,obstacles,baseline,5.6,0.103,1.0,0,98.9,22.71,True,8,0,0,ACTIVE
168.0,obstacles,baseline,6.1,0.103,1.0,0,98.9,22.82,True,8,0,0,ACTIVE
168.5,obstacles,baseline,6.6,0.103,1.0,0,98.9,22.92,True,8,0,0,ACTIVE
169.0,obstacles,baseline,7.1,0.103,1.0,0,98.8,23.01,True,8,0,0,ACTIVE
169.5,obstacles,baseline,7.6,0.103,1.0,0,98.8,23.12,True,8,0,0,ACTIVE
170.0,obstacles,baseline,8.1,0.103,1.0,0,98.8,23.22,True,8,0,0,ACTIVE
170.5,obstacles,baseline,8.6,0.103,1.0,0,98.8,23.31,True,8,0,0,ACTIVE
171.0,obstacles,baseline,9.1,0.103,1.0,0,98.8,23.4,True,8,0,0,ACTIVE
171.5,obstacles,baseline,9.6,0.103,1.0,0,98.8,23.5,True,8,0,0,ACTIVE
172.0,obstacles,baseline,10.1,0.103,1.0,0,98.8,23.59,True,8,0,0,ACTIVE
172.5,obstacles,baseline,10.7,0.103,1.0,0,98.8,23.7,True,8,0,0,ACTIVE
173.0,obstacles,baseline,11.2,0.103,1.0,0,98.8,23.8,True,8,0,0,ACTIVE
173.5,obstacles,baseline,11.7,0.103,1.0,0,98.8,23.9,True,8,0,0,ACTIVE
174.0,obstacles,baseline,12.2,0.103,1.0,0,98.8,23.99,True,8,0,0,ACTIVE
174.5,obstacles,baseline,12.7,0.103,1.0,0,98.8,24.1,True,8,0,0,ACTIVE
175.0,obstacles,baseline,13.2,0.103,0.99,0,98.8,24.16,True,8,0,0,ACTIVE
175.5,obstacles,baseline,13.7,0.103,0.97,0,98.8,24.22,True,8,0,0,ACTIVE
176.0,obstacles,baseline,14.2,0.103,0.94,0,98.8,24.29,True,8,0,0,ACTIVE
176.5,obstacles,baseline,14.7,0.103,0.93,0,98.8,24.3,True,8,0,0,ACTIVE
177.0,obstacles,baseline,15.2,0.103,0.93,0,98.8,24.3,True,8,0,0,ACTIVE
177.5,obstacles,baseline,15.7,0.103,0.93,0,98.8,24.31,True,8,0,0,ACTIVE
178.0,obstacles,baseline,15.9,0.139,0.93,0,98.8,24.34,False,9,0,0,SUCCEEDED
178.5,obstacles,baseline,15.9,0.139,0.93,0,98.8,24.36,False,9,0,0,SUCCEEDED
179.0,obstacles,baseline,15.9,0.139,0.93,0,98.8,24.36,False,9,0,0,SUCCEEDED
179.5,obstacles,baseline,15.9,0.139,0.93,0,98.8,24.36,False,9,0,0,SUCCEEDED
180.0,obstacles,baseline,15.9,0.139,0.93,0,98.8,24.36,False,9,0,0,SUCCEEDED
180.5,obstacles,baseline,0.5,0.139,1.0,0,98.8,24.36,True,9,0,0,ACTIVE
181.0,obstacles,baseline,1.0,0.139,1.0,0,98.8,24.37,True,9,0,0,ACTIVE
181.5,obstacles,baseline,1.5,0.139,1.0,0,98.8,24.46,True,9,0,0,ACTIVE
182.0,obstacles,baseline,2.0,0.139,1.0,0,98.8,24.56,True,9,0,0,ACTIVE
182.5,obstacles,baseline,2.5,0.139,1.0,0,98.8,24.64,True,9,0,0,ACTIVE
183.0,obstacles,baseline,3.0,0.139,1.0,0,98.8,24.74,True,9,0,0,ACTIVE
183.5,obstacles,baseline,3.5,0.139,1.0,0,98.8,24.84,True,9,0,0,ACTIVE
184.0,obstacles,baseline,4.0,0.139,1.0,0,98.8,24.93,True,9,0,0,ACTIVE
184.5,obstacles,baseline,4.5,0.139,1.0,0,98.7,25.03,True,9,0,0,ACTIVE
185.0,obstacles,baseline,5.1,0.139,1.0,0,98.7,25.12,True,9,0,0,ACTIVE
185.5,obstacles,baseline,5.6,0.139,1.0,0,98.7,25.2,True,9,0,0,ACTIVE
186.0,obstacles,baseline,6.1,0.139,1.0,0,98.7,25.3,True,9,0,0,ACTIVE
186.5,obstacles,baseline,6.6,0.139,1.0,0,98.7,25.4,True,9,0,0,ACTIVE
187.0,obstacles,baseline,7.1,0.139,1.0,0,98.7,25.5,True,9,0,0,ACTIVE
187.5,obstacles,baseline,7.6,0.139,1.0,0,98.7,25.59,True,9,0,0,ACTIVE
188.0,obstacles,baseline,8.1,0.139,1.0,0,98.7,25.69,True,9,0,0,ACTIVE
188.5,obstacles,baseline,8.6,0.139,1.0,0,98.7,25.79,True,9,0,0,ACTIVE
189.0,obstacles,baseline,9.1,0.139,1.0,0,98.7,25.88,True,9,0,0,ACTIVE
189.5,obstacles,baseline,9.6,0.139,1.0,0,98.7,25.97,True,9,0,0,ACTIVE
190.0,obstacles,baseline,10.2,0.139,1.0,0,98.7,26.07,True,9,0,0,ACTIVE
190.5,obstacles,baseline,10.7,0.139,1.0,0,98.7,26.16,True,9,0,0,ACTIVE
191.0,obstacles,baseline,11.2,0.139,1.0,0,98.7,26.25,True,9,0,0,ACTIVE
191.5,obstacles,baseline,11.7,0.139,1.0,0,98.7,26.36,True,9,0,0,ACTIVE
192.0,obstacles,baseline,12.2,0.139,1.0,0,98.7,26.45,True,9,0,0,ACTIVE
192.5,obstacles,baseline,12.7,0.139,1.0,0,98.7,26.56,True,9,0,0,ACTIVE
193.0,obstacles,baseline,13.2,0.139,1.0,0,98.7,26.66,True,9,0,0,ACTIVE
193.5,obstacles,baseline,13.7,0.139,1.0,0,98.7,26.75,True,9,0,0,ACTIVE
194.0,obstacles,baseline,14.2,0.139,1.0,0,98.7,26.85,True,9,0,0,ACTIVE
194.5,obstacles,baseline,14.7,0.139,1.0,0,98.7,26.94,True,9,0,0,ACTIVE
195.0,obstacles,baseline,15.2,0.139,1.0,0,98.6,27.02,True,9,0,0,ACTIVE
195.5,obstacles,baseline,15.7,0.139,1.0,0,98.6,27.08,True,9,0,0,ACTIVE
196.0,obstacles,baseline,16.2,0.139,1.0,0,98.6,27.13,True,9,0,0,ACTIVE
196.5,obstacles,baseline,16.7,0.139,1.0,0,98.6,27.16,True,9,0,0,ACTIVE
197.0,obstacles,baseline,17.2,0.139,1.0,0,98.6,27.16,True,9,0,0,ACTIVE
197.5,obstacles,baseline,17.7,0.139,1.0,0,98.6,27.19,True,9,0,0,ACTIVE
198.0,obstacles,baseline,18.2,0.363,1.0,0,98.6,27.24,False,10,0,0,SUCCEEDED
198.5,obstacles,baseline,18.2,0.363,1.0,0,98.6,27.27,False,10,0,0,SUCCEEDED
199.0,obstacles,baseline,18.2,0.363,1.0,0,98.6,27.3,False,10,0,0,SUCCEEDED
199.5,obstacles,baseline,18.2,0.363,1.0,0,98.6,27.32,False,10,0,0,SUCCEEDED
200.0,obstacles,baseline,18.2,0.363,1.0,0,98.6,27.32,False,10,0,0,SUCCEEDED
200.5,obstacles,baseline,0.5,0.328,1.0,0,98.6,27.32,False,11,0,0,SUCCEEDED
201.0,obstacles,baseline,0.5,0.328,1.0,0,98.6,27.32,False,11,0,0,SUCCEEDED
201.5,obstacles,baseline,0.5,0.328,1.0,0,98.6,27.32,False,11,0,0,SUCCEEDED
202.0,obstacles,baseline,0.5,0.328,1.0,0,98.6,27.32,False,11,0,0,SUCCEEDED
202.5,obstacles,baseline,0.5,0.328,1.0,0,98.6,27.32,False,11,0,0,SUCCEEDED
203.0,obstacles,baseline,0.5,0.328,1.0,0,98.6,27.32,False,11,0,0,SUCCEEDED
203.5,obstacles,baseline,0.5,0.328,1.0,0,98.6,27.32,True,11,0,0,ACTIVE
204.0,obstacles,baseline,1.0,0.328,1.0,0,98.6,27.32,True,11,0,0,ACTIVE
204.5,obstacles,baseline,1.5,0.328,1.0,0,98.6,27.39,True,11,0,0,ACTIVE
205.0,obstacles,baseline,2.0,0.328,1.0,0,98.6,27.5,True,11,0,0,ACTIVE
205.5,obstacles,baseline,2.5,0.328,1.0,0,98.6,27.62,True,11,0,0,ACTIVE
206.0,obstacles,baseline,3.0,0.328,1.0,0,98.6,27.72,True,11,0,0,ACTIVE
206.5,obstacles,baseline,3.5,0.328,1.0,0,98.6,27.83,True,11,0,0,ACTIVE
207.0,obstacles,baseline,4.0,0.328,1.0,0,98.6,27.93,True,11,0,0,ACTIVE
207.5,obstacles,baseline,4.5,0.328,1.0,0,98.6,28.02,True,11,0,0,ACTIVE
208.0,obstacles,baseline,5.0,0.328,1.0,0,98.6,28.11,True,11,0,0,ACTIVE
208.5,obstacles,baseline,5.6,0.328,1.0,0,98.6,28.21,True,11,0,0,ACTIVE
209.0,obstacles,baseline,6.1,0.328,1.0,0,98.6,28.3,True,11,0,0,ACTIVE
209.5,obstacles,baseline,6.6,0.328,1.0,0,98.6,28.4,True,11,0,0,ACTIVE
210.0,obstacles,baseline,7.1,0.328,1.0,0,98.6,28.5,True,11,0,0,ACTIVE
210.5,obstacles,baseline,7.6,0.328,1.0,0,98.6,28.58,True,11,0,0,ACTIVE
211.0,obstacles,baseline,8.1,0.328,1.0,0,98.6,28.69,True,11,0,0,ACTIVE
211.5,obstacles,baseline,8.6,0.328,1.0,0,98.6,28.78,True,11,0,0,ACTIVE
212.0,obstacles,baseline,9.1,0.328,1.0,0,98.6,28.87,True,11,0,0,ACTIVE
212.5,obstacles,baseline,9.6,0.328,1.0,0,98.6,28.97,True,11,0,0,ACTIVE
213.0,obstacles,baseline,10.1,0.328,1.0,0,98.5,29.07,True,11,0,0,ACTIVE
213.5,obstacles,baseline,10.6,0.328,1.0,0,98.5,29.17,True,11,0,0,ACTIVE
214.0,obstacles,baseline,11.1,0.328,1.0,0,98.5,29.27,True,11,0,0,ACTIVE
214.5,obstacles,baseline,11.6,0.328,1.0,0,98.5,29.36,True,11,0,0,ACTIVE
215.0,obstacles,baseline,12.1,0.328,1.0,0,98.5,29.41,True,11,0,0,ACTIVE
215.5,obstacles,baseline,12.6,0.328,1.0,0,98.5,29.45,True,11,0,0,ACTIVE
216.0,obstacles,baseline,13.1,0.328,1.0,0,98.5,29.45,True,11,0,0,ACTIVE
216.5,obstacles,baseline,13.6,0.328,1.0,0,98.5,29.47,True,11,0,0,ACTIVE
217.0,obstacles,baseline,13.9,0.127,1.0,0,98.5,29.49,False,12,0,0,SUCCEEDED
217.5,obstacles,baseline,13.9,0.127,1.0,0,98.5,29.53,False,12,0,0,SUCCEEDED
218.0,obstacles,baseline,13.9,0.127,1.0,0,98.5,29.54,False,12,0,0,SUCCEEDED
218.5,obstacles,baseline,13.9,0.127,1.0,0,98.5,29.54,False,12,0,0,SUCCEEDED
219.0,obstacles,baseline,13.9,0.127,1.0,0,98.5,29.54,False,12,0,0,SUCCEEDED
219.5,obstacles,baseline,0.5,0.127,1.0,0,98.5,29.61,True,12,0,0,ACTIVE
220.0,obstacles,baseline,1.0,0.127,1.0,0,98.5,29.71,True,12,0,0,ACTIVE
220.5,obstacles,baseline,1.5,0.127,1.0,0,98.5,29.81,True,12,0,0,ACTIVE
221.0,obstacles,baseline,2.0,0.127,1.0,0,98.5,29.91,True,12,0,0,ACTIVE
221.5,obstacles,baseline,2.5,0.127,1.0,0,98.5,30.01,True,12,0,0,ACTIVE
222.0,obstacles,baseline,3.0,0.127,1.0,0,98.5,30.11,True,12,0,0,ACTIVE
222.5,obstacles,baseline,3.5,0.127,1.0,0,98.5,30.21,True,12,0,0,ACTIVE
223.0,obstacles,baseline,4.1,0.127,1.0,0,98.5,30.3,True,12,0,0,ACTIVE
223.5,obstacles,baseline,4.6,0.127,1.0,0,98.5,30.4,True,12,0,0,ACTIVE
224.0,obstacles,baseline,5.1,0.127,1.0,0,98.5,30.51,True,12,0,0,ACTIVE
224.5,obstacles,baseline,5.6,0.127,1.0,0,98.5,30.6,True,12,0,0,ACTIVE
225.0,obstacles,baseline,6.1,0.127,1.0,0,98.5,30.7,True,12,0,0,ACTIVE
225.5,obstacles,baseline,6.6,0.127,1.0,0,98.5,30.79,True,12,0,0,ACTIVE
226.0,obstacles,baseline,7.1,0.127,1.0,0,98.5,30.87,True,12,0,0,ACTIVE
226.5,obstacles,baseline,7.6,0.127,1.0,0,98.5,30.92,True,12,0,0,ACTIVE
227.0,obstacles,baseline,8.1,0.127,1.0,0,98.5,30.97,True,12,0,0,ACTIVE
227.5,obstacles,baseline,8.6,0.127,1.0,0,98.5,31.0,True,12,0,0,ACTIVE
228.0,obstacles,baseline,9.1,0.127,1.0,0,98.4,31.0,True,12,0,0,ACTIVE
228.5,obstacles,baseline,9.6,0.127,1.0,0,98.4,31.0,True,12,0,0,ACTIVE
