timestamp,world,config,execution_time_s,nav_accuracy_m,path_efficiency,recovery_count,battery_pct,total_distance_m,navigation_active,goals_completed,goals_failed,goals_canceled,goal_status
2.9,narrow,baseline,0.0,0.0,0.0,0,100.0,0.0,False,0,0,0,IDLE
3.0,narrow,baseline,0.0,0.0,0.0,0,100.0,0.0,False,0,0,0,IDLE
3.5,narrow,baseline,0.0,0.0,0.0,0,100.0,0.0,False,0,0,0,IDLE
4.0,narrow,baseline,0.0,0.0,0.0,0,100.0,0.0,False,0,0,0,IDLE
4.5,narrow,baseline,0.0,0.0,0.0,0,100.0,0.0,False,0,0,0,IDLE
5.0,narrow,baseline,0.0,0.0,0.0,0,100.0,0.0,False,0,0,0,IDLE
5.5,narrow,baseline,0.0,0.0,0.0,0,100.0,0.0,False,0,0,0,IDLE
6.0,narrow,baseline,0.0,0.0,0.0,0,100.0,0.0,False,0,0,0,IDLE
6.5,narrow,baseline,0.0,0.0,0.0,0,100.0,0.0,False,0,0,0,IDLE
7.0,narrow,baseline,0.0,0.0,0.0,0,100.0,0.0,False,0,0,0,IDLE
7.5,narrow,baseline,0.0,0.0,0.0,0,100.0,0.0,False,0,0,0,IDLE
8.0,narrow,baseline,0.0,0.0,0.0,0,100.0,0.0,False,0,0,0,IDLE
8.5,narrow,baseline,0.5,0.0,1.0,0,100.0,0.07,True,0,0,0,ACTIVE
9.0,narrow,baseline,1.0,0.0,1.0,0,100.0,0.17,True,0,0,0,ACTIVE
9.5,narrow,baseline,1.6,0.0,1.0,0,100.0,0.27,True,0,0,0,ACTIVE
10.0,narrow,baseline,2.1,0.0,1.0,0,100.0,0.37,True,0,0,0,ACTIVE
10.5,narrow,baseline,2.6,0.0,1.0,0,100.0,0.47,True,0,0,0,ACTIVE
11.0,narrow,baseline,3.1,0.0,1.0,0,100.0,0.57,True,0,0,0,ACTIVE
11.5,narrow,baseline,3.6,0.0,1.0,1,100.0,0.62,True,0,0,0,ACTIVE
12.0,narrow,baseline,4.1,0.0,1.0,3,100.0,0.63,True,0,0,0,ACTIVE
12.5,narrow,baseline,4.6,0.0,1.0,3,100.0,0.64,True,0,0,0,ACTIVE
13.0,narrow,baseline,5.2,0.0,1.0,4,100.0,0.64,True,0,0,0,ACTIVE
13.5,narrow,baseline,5.7,0.0,1.0,4,100.0,0.66,True,0,0,0,ACTIVE
14.0,narrow,baseline,6.2,0.0,1.0,5,100.0,0.66,True,0,0,0,ACTIVE
14.5,narrow,baseline,6.7,0.0,1.0,5,100.0,0.66,True,0,0,0,ACTIVE
15.0,narrow,baseline,7.2,0.0,1.0,5,100.0,0.67,True,0,0,0,ACTIVE
15.5,narrow,baseline,7.7,0.0,1.0,5,100.0,0.68,True,0,0,0,ACTIVE
16.0,narrow,baseline,8.3,0.0,1.0,5,100.0,0.68,True,0,0,0,ACTIVE
16.5,narrow,baseline,8.8,0.0,1.0,5,100.0,0.69,True,0,0,0,ACTIVE
17.0,narrow,baseline,9.3,0.0,1.0,5,100.0,0.71,True,0,0,0,ACTIVE
17.5,narrow,baseline,9.8,0.0,1.0,5,100.0,0.72,True,0,0,0,ACTIVE
18.0,narrow,baseline,10.3,0.0,1.0,5,100.0,0.73,True,0,0,0,ACTIVE
18.5,narrow,baseline,10.8,0.0,1.0,5,100.0,0.75,True,0,0,0,ACTIVE
19.0,narrow,baseline,11.3,0.0,1.0,5,100.0,0.77,True,0,0,0,ACTIVE
19.5,narrow,baseline,11.9,0.0,1.0,5,100.0,0.78,True,0,0,0,ACTIVE
20.0,narrow,baseline,12.4,0.0,1.0,5,100.0,0.79,True,0,0,0,ACTIVE
20.5,narrow,baseline,12.9,0.0,1.0,6,100.0,0.83,True,0,0,0,ACTIVE
21.0,narrow,baseline,13.4,0.0,1.0,6,100.0,0.88,True,0,0,0,ACTIVE
21.5,narrow,baseline,13.9,0.0,1.0,6,100.0,0.91,True,0,0,0,ACTIVE
22.0,narrow,baseline,14.4,0.0,1.0,6,100.0,0.92,True,0,0,0,ACTIVE
22.5,narrow,baseline,14.9,0.0,1.0,6,100.0,0.93,True,0,0,0,ACTIVE
23.0,narrow,baseline,15.5,0.0,1.0,7,100.0,0.93,True,0,0,0,ACTIVE
23.5,narrow,baseline,16.0,0.0,1.0,7,100.0,0.94,True,0,0,0,ACTIVE
24.0,narrow,baseline,16.5,0.0,1.0,7,100.0,0.96,True,0,0,0,ACTIVE
24.5,narrow,baseline,17.0,0.0,1.0,7,100.0,0.96,True,0,0,0,ACTIVE
25.0,narrow,baseline,17.5,0.0,1.0,7,100.0,0.96,True,0,0,0,ACTIVE
25.5,narrow,baseline,18.0,0.0,1.0,7,100.0,0.96,True,0,0,0,ACTIVE
26.0,narrow,baseline,18.6,0.0,1.0,7,100.0,0.96,True,0,0,0,ACTIVE
26.5,narrow,baseline,19.1,0.0,1.0,7,100.0,0.96,True,0,0,0,ACTIVE
27.0,narrow,baseline,19.6,0.0,1.0,7,100.0,0.96,True,0,0,0,ACTIVE
27.5,narrow,baseline,20.1,0.0,1.0,7,100.0,0.96,True,0,0,0,ACTIVE
28.0,narrow,baseline,20.6,0.0,1.0,7,100.0,1.0,True,0,0,0,ACTIVE
28.5,narrow,baseline,21.2,0.0,1.0,7,99.9,1.09,True,0,0,0,ACTIVE
29.0,narrow,baseline,21.7,0.0,1.0,7,99.9,1.18,True,0,0,0,ACTIVE
29.5,narrow,baseline,22.2,0.0,1.0,7,99.9,1.28,True,0,0,0,ACTIVE
30.0,narrow,baseline,22.7,0.0,1.0,7,99.9,1.39,True,0,0,0,ACTIVE
30.5,narrow,baseline,23.2,0.0,1.0,7,99.9,1.49,True,0,0,0,ACTIVE
31.0,narrow,baseline,23.7,0.0,1.0,7,99.9,1.59,True,0,0,0,ACTIVE
31.5,narrow,baseline,24.3,0.0,1.0,7,99.9,1.69,True,0,0,0,ACTIVE
32.0,narrow,baseline,24.8,0.0,1.0,7,99.9,1.79,True,0,0,0,ACTIVE
32.5,narrow,baseline,25.3,0.0,1.0,7,99.9,1.89,True,0,0,0,ACTIVE
33.0,narrow,baseline,25.8,0.0,1.0,7,99.9,1.97,True,0,0,0,ACTIVE
33.5,narrow,baseline,26.3,0.0,1.0,7,99.9,2.08,True,0,0,0,ACTIVE
34.0,narrow,baseline,26.8,0.0,1.0,7,99.9,2.18,True,0,0,0,ACTIVE
34.5,narrow,baseline,27.3,0.0,1.0,7,99.9,2.26,True,0,0,0,ACTIVE
35.0,narrow,baseline,27.9,0.0,1.0,7,99.9,2.37,True,0,0,0,ACTIVE
35.5,narrow,baseline,28.4,0.0,1.0,7,99.9,2.46,True,0,0,0,ACTIVE
36.0,narrow,baseline,28.9,0.0,1.0,7,99.9,2.55,True,0,0,0,ACTIVE
36.5,narrow,baseline,29.4,0.0,1.0,7,99.9,2.65,True,0,0,0,ACTIVE
37.0,narrow,baseline,29.9,0.0,1.0,7,99.9,2.75,True,0,0,0,ACTIVE
37.5,narrow,baseline,30.4,0.0,1.0,7,99.9,2.85,True,0,0,0,ACTIVE
38.0,narrow,baseline,30.9,0.0,1.0,7,99.9,2.94,True,0,0,0,ACTIVE
38.5,narrow,baseline,31.4,0.0,1.0,7,99.8,3.01,True,0,0,0,ACTIVE
39.0,narrow,baseline,31.9,0.0,0.98,7,99.8,3.07,True,0,0,0,ACTIVE
39.5,narrow,baseline,32.4,0.0,0.97,7,99.8,3.11,True,0,0,0,ACTIVE
40.0,narrow,baseline,32.9,0.0,0.96,7,99.8,3.13,True,0,0,0,ACTIVE
40.5,narrow,baseline,33.4,0.125,0.96,7,99.8,3.14,False,1,0,0,SUCCEEDED
41.0,narrow,baseline,33.4,0.125,0.96,7,99.8,3.15,False,1,0,0,SUCCEEDED
41.5,narrow,baseline,33.4,0.125,0.96,7,99.8,3.15,False,1,0,0,SUCCEEDED
42.0,narrow,baseline,33.4,0.125,0.96,7,99.8,3.16,False,1,0,0,SUCCEEDED
42.5,narrow,baseline,33.4,0.125,0.96,7,99.8,3.16,False,1,0,0,SUCCEEDED
43.0,narrow,baseline,33.4,0.125,0.96,7,99.8,3.16,False,1,0,0,SUCCEEDED
43.5,narrow,baseline,0.5,0.125,1.0,0,99.8,3.17,True,1,0,0,ACTIVE
44.0,narrow,baseline,1.0,0.125,1.0,0,99.8,3.17,True,1,0,0,ACTIVE
44.5,narrow,baseline,1.5,0.125,1.0,0,99.8,3.18,True,1,0,0,ACTIVE
45.0,narrow,baseline,2.0,0.125,1.0,0,99.8,3.19,True,1,0,0,ACTIVE
45.5,narrow,baseline,2.5,0.125,1.0,0,99.8,3.19,True,1,0,0,ACTIVE
46.0,narrow,baseline,3.0,0.125,1.0,0,99.8,3.26,True,1,0,0,ACTIVE
46.5,narrow,baseline,3.5,0.125,1.0,0,99.8,3.32,True,1,0,0,ACTIVE
47.0,narrow,baseline,4.0,0.125,1.0,0,99.8,3.33,True,1,0,0,ACTIVE
47.5,narrow,baseline,4.5,0.125,1.0,0,99.8,3.34,True,1,0,0,ACTIVE
48.0,narrow,baseline,5.0,0.125,1.0,0,99.8,3.35,True,1,0,0,ACTIVE
48.5,narrow,baseline,5.6,0.125,1.0,0,99.8,3.36,True,1,0,0,ACTIVE
49.0,narrow,baseline,6.1,0.125,1.0,0,99.8,3.44,True,1,0,0,ACTIVE
49.5,narrow,baseline,6.6,0.125,1.0,0,99.8,3.53,True,1,0,0,ACTIVE
50.0,narrow,baseline,7.1,0.125,1.0,0,99.8,3.63,True,1,0,0,ACTIVE
50.5,narrow,baseline,7.6,0.125,1.0,0,99.8,3.74,True,1,0,0,ACTIVE
51.0,narrow,baseline,8.1,0.125,1.0,0,99.8,3.84,True,1,0,0,ACTIVE
51.5,narrow,baseline,8.6,0.125,1.0,0,99.8,3.93,True,1,0,0,ACTIVE
52.0,narrow,baseline,9.1,0.125,1.0,0,99.8,4.03,True,1,0,0,ACTIVE
52.5,narrow,baseline,9.6,0.125,1.0,0,99.8,4.13,True,1,0,0,ACTIVE
53.0,narrow,baseline,10.1,0.125,1.0,0,99.8,4.23,True,1,0,0,ACTIVE
53.5,narrow,baseline,10.6,0.125,1.0,0,99.8,4.33,True,1,0,0,ACTIVE
54.0,narrow,baseline,11.2,0.125,1.0,0,99.8,4.43,True,1,0,0,ACTIVE
54.5,narrow,baseline,11.7,0.125,1.0,0,99.8,4.53,True,1,0,0,ACTIVE
55.0,narrow,baseline,12.2,0.125,1.0,0,99.8,4.62,True,1,0,0,ACTIVE
55.5,narrow,baseline,12.7,0.125,1.0,0,99.8,4.73,True,1,0,0,ACTIVE
56.0,narrow,baseline,13.2,0.125,1.0,0,99.8,4.82,True,1,0,0,ACTIVE
56.5,narrow,baseline,13.7,0.125,1.0,0,99.8,4.92,True,1,0,0,ACTIVE
57.0,narrow,baseline,14.3,0.125,1.0,0,99.7,5.02,True,1,0,0,ACTIVE
57.5,narrow,baseline,14.8,0.125,1.0,0,99.7,5.11,True,1,0,0,ACTIVE
58.0,narrow,baseline,15.3,0.125,1.0,0,99.7,5.22,True,1,0,0,ACTIVE
58.5,narrow,baseline,15.8,0.125,1.0,0,99.7,5.31,True,1,0,0,ACTIVE
59.0,narrow,baseline,16.3,0.125,1.0,0,99.7,5.42,True,1,0,0,ACTIVE
59.5,narrow,baseline,16.8,0.125,1.0,0,99.7,5.52,True,1,0,0,ACTIVE
60.0,narrow,baseline,17.3,0.125,1.0,0,99.7,5.62,True,1,0,0,ACTIVE
60.5,narrow,baseline,17.9,0.125,1.0,0,99.7,5.72,True,1,0,0,ACTIVE
61.0,narrow,baseline,18.4,0.125,1.0,0,99.7,5.81,True,1,0,0,ACTIVE
61.5,narrow,baseline,18.9,0.125,1.0,0,99.7,5.88,True,1,0,0,ACTIVE
62.0,narrow,baseline,19.4,0.125,1.0,0,99.7,5.93,True,1,0,0,ACTIVE
62.5,narrow,baseline,19.9,0.125,1.0,0,99.7,5.98,True,1,0,0,ACTIVE
63.0,narrow,baseline,20.0,0.145,1.0,0,99.7,6.0,False,2,0,0,SUCCEEDED
63.5,narrow,baseline,20.0,0.145,1.0,0,99.7,6.01,False,2,0,0,SUCCEEDED
64.0,narrow,baseline,20.0,0.145,1.0,0,99.7,6.01,False,2,0,0,SUCCEEDED
64.5,narrow,baseline,20.0,0.145,1.0,0,99.7,6.01,False,2,0,0,SUCCEEDED
65.0,narrow,baseline,20.0,0.145,1.0,0,99.7,6.01,False,2,0,0,SUCCEEDED
65.5,narrow,baseline,0.5,0.145,1.0,0,99.7,6.01,True,2,0,0,ACTIVE
66.0,narrow,baseline,1.0,0.145,1.0,0,99.7,6.01,True,2,0,0,ACTIVE
66.5,narrow,baseline,1.5,0.145,1.0,0,99.7,6.02,True,2,0,0,ACTIVE
67.0,narrow,baseline,2.1,0.145,1.0,0,99.7,6.07,True,2,0,0,ACTIVE
67.5,narrow,baseline,2.6,0.145,1.0,0,99.7,6.14,True,2,0,0,ACTIVE
68.0,narrow,baseline,3.1,0.145,0.66,0,99.7,6.22,True,2,0,0,ACTIVE
68.5,narrow,baseline,3.6,0.145,0.47,0,99.7,6.29,True,2,0,0,ACTIVE
69.0,narrow,baseline,4.1,0.145,0.36,0,99.7,6.39,True,2,0,0,ACTIVE
69.5,narrow,baseline,4.6,0.145,0.28,0,99.7,6.49,True,2,0,0,ACTIVE
70.0,narrow,baseline,5.1,0.145,0.23,0,99.7,6.59,True,2,0,0,ACTIVE
70.5,narrow,baseline,5.6,0.145,0.2,1,99.7,6.64,True,2,0,0,ACTIVE
71.0,narrow,baseline,6.1,0.145,0.2,2,99.7,6.64,True,2,0,0,ACTIVE
71.5,narrow,baseline,6.7,0.145,0.2,2,99.7,6.65,True,2,0,0,ACTIVE
72.0,narrow,baseline,7.2,0.145,0.2,2,99.7,6.66,True,2,0,0,ACTIVE
72.5,narrow,baseline,7.7,0.145,0.19,2,99.7,6.68,True,2,0,0,ACTIVE
73.0,narrow,baseline,8.2,0.145,0.19,2,99.7,6.71,True,2,0,0,ACTIVE
73.5,narrow,baseline,8.7,0.145,0.18,2,99.7,6.73,True,2,0,0,ACTIVE
74.0,narrow,baseline,9.2,0.145,0.17,2,99.7,6.76,True,2,0,0,ACTIVE
74.5,narrow,baseline,9.7,0.145,0.17,2,99.7,6.78,True,2,0,0,ACTIVE
75.0,narrow,baseline,10.2,0.145,0.16,2,99.7,6.81,True,2,0,0,ACTIVE
75.5,narrow,baseline,10.7,0.145,0.16,2,99.7,6.83,True,2,0,0,ACTIVE
76.0,narrow,baseline,11.3,0.145,0.15,2,99.7,6.86,True,2,0,0,ACTIVE
76.5,narrow,baseline,11.8,0.145,0.15,2,99.7,6.88,True,2,0,0,ACTIVE
77.0,narrow,baseline,12.3,0.145,0.14,2,99.7,6.91,True,2,0,0,ACTIVE
77.5,narrow,baseline,12.8,0.145,0.14,2,99.7,6.93,True,2,0,0,ACTIVE
78.0,narrow,baseline,13.3,0.145,0.14,2,99.7,6.96,True,2,0,0,ACTIVE
78.5,narrow,baseline,13.8,0.145,0.12,2,99.6,7.06,True,2,0,0,ACTIVE
79.0,narrow,baseline,14.3,0.145,0.11,2,99.6,7.16,True,2,0,0,ACTIVE
79.5,narrow,baseline,14.8,0.145,0.11,2,99.6,7.26,True,2,0,0,ACTIVE
80.0,narrow,baseline,15.3,0.145,0.1,2,99.6,7.36,True,2,0,0,ACTIVE
80.5,narrow,baseline,15.9,0.145,0.09,2,99.6,7.44,True,2,0,0,ACTIVE
81.0,narrow,baseline,16.4,0.145,0.09,2,99.6,7.49,True,2,0,0,ACTIVE
81.5,narrow,baseline,16.9,0.145,0.08,2,99.6,7.58,True,2,0,0,ACTIVE
82.0,narrow,baseline,17.4,0.145,0.08,2,99.6,7.68,True,2,0,0,ACTIVE
82.5,narrow,baseline,17.9,0.145,0.07,2,99.6,7.77,True,2,0,0,ACTIVE
83.0,narrow,baseline,18.4,0.145,0.07,2,99.6,7.87,True,2,0,0,ACTIVE
83.5,narrow,baseline,18.9,0.145,0.07,2,99.6,7.98,True,2,0,0,ACTIVE
84.0,narrow,baseline,19.4,0.145,0.06,2,99.6,8.08,True,2,0,0,ACTIVE
84.5,narrow,baseline,19.9,0.145,0.06,2,99.6,8.19,True,2,0,0,ACTIVE
85.0,narrow,baseline,20.4,0.145,0.06,2,99.6,8.29,True,2,0,0,ACTIVE
85.5,narrow,baseline,20.9,0.145,0.05,2,99.6,8.38,True,2,0,0,ACTIVE
86.0,narrow,baseline,21.4,0.145,0.05,2,99.6,8.48,True,2,0,0,ACTIVE
86.5,narrow,baseline,21.9,0.145,0.05,2,99.6,8.59,True,2,0,0,ACTIVE
87.0,narrow,baseline,22.4,0.145,0.05,2,99.6,8.68,True,2,0,0,ACTIVE
87.5,narrow,baseline,22.9,0.145,0.05,2,99.6,8.78,True,2,0,0,ACTIVE
88.0,narrow,baseline,23.4,0.145,0.05,2,99.6,8.88,True,2,0,0,ACTIVE
88.5,narrow,baseline,23.9,0.145,0.04,2,99.6,8.98,True,2,0,0,ACTIVE
89.0,narrow,baseline,24.4,0.145,0.04,2,99.5,9.07,True,2,0,0,ACTIVE
89.5,narrow,baseline,24.9,0.145,0.04,2,99.5,9.17,True,2,0,0,ACTIVE
90.0,narrow,baseline,25.5,0.145,0.04,2,99.5,9.27,True,2,0,0,ACTIVE
90.5,narrow,baseline,26.0,0.145,0.04,2,99.5,9.38,True,2,0,0,ACTIVE
91.0,narrow,baseline,26.5,0.145,0.04,2,99.5,9.48,True,2,0,0,ACTIVE
91.5,narrow,baseline,27.0,0.145,0.04,2,99.5,9.58,True,2,0,0,ACTIVE
92.0,narrow,baseline,27.5,0.145,0.04,3,99.5,9.6,True,2,0,0,ACTIVE
92.5,narrow,baseline,28.0,0.145,0.04,5,99.5,9.6,True,2,0,0,ACTIVE
93.0,narrow,baseline,28.5,0.145,0.04,6,99.5,9.6,True,2,0,0,ACTIVE
93.5,narrow,baseline,29.0,0.145,0.04,7,99.5,9.61,True,2,0,0,ACTIVE
94.0,narrow,baseline,29.5,0.145,0.04,7,99.5,9.61,True,2,0,0,ACTIVE
94.5,narrow,baseline,30.0,0.145,0.04,7,99.5,9.63,True,2,0,0,ACTIVE
95.0,narrow,baseline,30.5,0.145,0.04,7,99.5,9.64,True,2,0,0,ACTIVE
95.5,narrow,baseline,31.0,0.145,0.04,7,99.5,9.64,True,2,0,0,ACTIVE
96.0,narrow,baseline,31.5,0.145,0.04,7,99.5,9.65,True,2,0,0,ACTIVE
96.5,narrow,baseline,32.0,0.145,0.04,7,99.5,9.67,True,2,0,0,ACTIVE
97.0,narrow,baseline,32.5,0.145,0.04,7,99.5,9.68,True,2,0,0,ACTIVE
97.5,narrow,baseline,33.0,0.145,0.04,7,99.5,9.7,True,2,0,0,ACTIVE
98.0,narrow,baseline,33.5,0.145,0.03,7,99.5,9.71,True,2,0,0,ACTIVE
98.5,narrow,baseline,34.0,0.145,0.03,7,99.5,9.71,True,2,0,0,ACTIVE
99.0,narrow,baseline,34.5,0.145,0.03,8,99.5,9.72,True,2,0,0,ACTIVE
99.5,narrow,baseline,35.0,0.145,0.03,9,99.5,9.74,True,2,0,0,ACTIVE
100.0,narrow,baseline,35.5,0.145,0.03,9,99.5,9.75,True,2,0,0,ACTIVE
100.5,narrow,baseline,36.1,0.145,0.03,9,99.5,9.76,True,2,0,0,ACTIVE
101.0,narrow,baseline,36.6,0.145,0.03,9,99.5,9.76,True,2,0,0,ACTIVE
101.5,narrow,baseline,37.1,0.145,0.03,9,99.5,9.76,True,2,0,0,ACTIVE
102.0,narrow,baseline,37.6,0.145,0.03,9,99.5,9.76,True,2,0,0,ACTIVE
102.5,narrow,baseline,38.1,0.145,0.03,9,99.5,9.76,True,2,0,0,ACTIVE
103.0,narrow,baseline,38.6,0.145,0.03,9,99.5,9.76,True,2,0,0,ACTIVE
103.5,narrow,baseline,39.1,0.145,0.03,9,99.5,9.76,True,2,0,0,ACTIVE
104.0,narrow,baseline,39.6,0.145,0.03,9,99.5,9.76,True,2,0,0,ACTIVE
104.5,narrow,baseline,40.1,0.145,0.03,9,99.5,9.76,True,2,0,0,ACTIVE
105.0,narrow,baseline,40.6,0.145,0.03,11,99.5,9.76,True,2,0,0,ACTIVE
105.5,narrow,baseline,41.1,0.145,0.03,11,99.5,9.76,True,2,0,0,ACTIVE
106.0,narrow,baseline,41.6,0.145,0.03,11,99.5,9.77,True,2,0,0,ACTIVE
106.5,narrow,baseline,42.1,0.145,0.03,11,99.5,9.79,True,2,0,0,ACTIVE
107.0,narrow,baseline,42.6,0.145,0.03,11,99.5,9.81,True,2,0,0,ACTIVE
107.5,narrow,baseline,43.1,0.145,0.03,11,99.5,9.84,True,2,0,0,ACTIVE
108.0,narrow,baseline,43.6,0.145,0.03,13,99.5,9.84,True,2,0,0,ACTIVE
108.5,narrow,baseline,44.1,0.145,0.03,13,99.5,9.88,True,2,0,0,ACTIVE
109.0,narrow,baseline,44.6,0.145,0.03,14,99.5,9.89,True,2,0,0,ACTIVE
109.5,narrow,baseline,45.1,0.145,0.03,14,99.5,9.9,True,2,0,0,ACTIVE
110.0,narrow,baseline,45.7,0.145,0.03,15,99.5,9.91,True,2,0,0,ACTIVE
110.5,narrow,baseline,46.2,0.145,0.03,15,99.5,9.92,True,2,0,0,ACTIVE
111.0,narrow,baseline,46.7,0.145,0.03,15,99.5,9.92,True,2,0,0,ACTIVE
111.5,narrow,baseline,47.2,0.145,0.03,15,99.5,9.94,True,2,0,0,ACTIVE
112.0,narrow,baseline,47.7,0.145,0.03,15,99.5,9.94,True,2,0,0,ACTIVE
112.5,narrow,baseline,48.2,0.145,0.03,15,99.5,9.94,True,2,0,0,ACTIVE
113.0,narrow,baseline,48.7,0.145,0.03,15,99.5,9.95,True,2,0,0,ACTIVE
113.5,narrow,baseline,49.2,0.145,0.03,15,99.5,9.97,True,2,0,0,ACTIVE
114.0,narrow,baseline,49.7,0.145,0.03,15,99.5,9.98,True,2,0,0,ACTIVE
114.5,narrow,baseline,50.2,0.145,0.03,15,99.5,9.98,True,2,0,0,ACTIVE
115.0,narrow,baseline,50.7,0.145,0.03,16,99.5,9.99,True,2,0,0,ACTIVE
115.5,narrow,baseline,51.2,0.145,0.03,16,99.5,10.03,True,2,0,0,ACTIVE
116.0,narrow,baseline,51.7,0.145,0.03,16,99.5,10.08,True,2,0,0,ACTIVE
116.5,narrow,baseline,52.2,0.145,0.03,16,99.5,10.16,True,2,0,0,ACTIVE
117.0,narrow,baseline,52.7,0.145,0.03,16,99.5,10.24,True,2,0,0,ACTIVE
117.5,narrow,baseline,53.2,0.145,0.03,16,99.5,10.34,True,2,0,0,ACTIVE
118.0,narrow,baseline,53.7,0.145,0.03,16,99.5,10.44,True,2,0,0,ACTIVE
118.5,narrow,baseline,54.2,0.145,0.03,16,99.5,10.55,True,2,0,0,ACTIVE
119.0,narrow,baseline,54.7,0.145,0.03,16,99.5,10.64,True,2,0,0,ACTIVE
119.5,narrow,baseline,55.2,0.145,0.03,16,99.5,10.74,True,2,0,0,ACTIVE
120.0,narrow,baseline,55.7,0.145,0.03,16,99.5,10.83,True,2,0,0,ACTIVE
120.5,narrow,baseline,56.3,0.145,0.03,16,99.5,10.9,True,2,0,0,ACTIVE
121.0,narrow,baseline,56.8,0.145,0.03,16,99.5,10.96,True,2,0,0,ACTIVE
121.5,narrow,baseline,57.3,0.145,0.03,16,99.5,11.0,True,2,0,0,ACTIVE
122.0,narrow,baseline,57.8,0.145,0.03,16,99.4,11.02,True,2,0,0,ACTIVE
122.5,narrow,baseline,58.3,0.145,0.03,16,99.4,11.03,True,2,0,0,ACTIVE
123.0,narrow,baseline,58.8,0.145,0.03,16,99.4,11.03,True,2,0,0,ACTIVE
123.5,narrow,baseline,59.3,0.145,0.03,16,99.4,11.05,True,2,0,0,ACTIVE
124.0,narrow,baseline,59.6,3.413,0.03,16,99.4,11.09,False,3,0,0,SUCCEEDED
124.5,narrow,baseline,59.6,3.413,0.03,16,99.4,11.14,False,3,0,0,SUCCEEDED
125.0,narrow,baseline,59.6,3.413,0.03,16,99.4,11.16,False,3,0,0,SUCCEEDED
125.5,narrow,baseline,59.6,3.413,0.03,16,99.4,11.19,False,3,0,0,SUCCEEDED
126.0,narrow,baseline,59.6,3.413,0.03,16,99.4,11.2,False,3,0,0,SUCCEEDED
126.5,narrow,baseline,0.5,3.413,1.0,0,99.4,11.2,True,3,0,0,ACTIVE
127.0,narrow,baseline,1.0,3.413,1.0,0,99.4,11.2,True,3,0,0,ACTIVE
127.5,narrow,baseline,1.5,3.413,1.0,0,99.4,11.23,True,3,0,0,ACTIVE
128.0,narrow,baseline,2.0,3.413,1.0,0,99.4,11.31,True,3,0,0,ACTIVE
128.5,narrow,baseline,2.5,3.413,1.0,0,99.4,11.39,True,3,0,0,ACTIVE
129.0,narrow,baseline,3.0,3.413,1.0,0,99.4,11.47,True,3,0,0,ACTIVE
129.5,narrow,baseline,3.5,3.413,1.0,0,99.4,11.56,True,3,0,0,ACTIVE
130.0,narrow,baseline,4.0,3.413,1.0,0,99.4,11.65,True,3,0,0,ACTIVE
130.5,narrow,baseline,4.5,3.413,1.0,0,99.4,11.75,True,3,0,0,ACTIVE
131.0,narrow,baseline,5.0,3.413,1.0,0,99.4,11.85,True,3,0,0,ACTIVE
131.5,narrow,baseline,5.6,3.413,1.0,1,99.4,11.9,True,3,0,0,ACTIVE
132.0,narrow,baseline,6.1,3.413,1.0,2,99.4,11.9,True,3,0,0,ACTIVE
132.5,narrow,baseline,6.6,3.413,1.0,2,99.4,11.9,True,3,0,0,ACTIVE
133.0,narrow,baseline,7.1,3.413,1.0,2,99.4,11.9,True,3,0,0,ACTIVE
133.5,narrow,baseline,7.6,3.413,1.0,2,99.4,11.9,True,3,0,0,ACTIVE
134.0,narrow,baseline,8.1,3.413,1.0,2,99.4,11.9,True,3,0,0,ACTIVE
134.5,narrow,baseline,8.6,3.413,1.0,2,99.4,11.9,True,3,0,0,ACTIVE
135.0,narrow,baseline,9.1,3.413,1.0,2,99.4,11.9,True,3,0,0,ACTIVE
135.5,narrow,baseline,9.6,3.413,1.0,2,99.4,11.9,True,3,0,0,ACTIVE
136.0,narrow,baseline,10.1,3.413,1.0,2,99.4,11.9,True,3,0,0,ACTIVE
136.5,narrow,baseline,10.6,3.413,1.0,2,99.4,11.9,True,3,0,0,ACTIVE
137.0,narrow,baseline,11.1,3.413,1.0,2,99.4,11.91,True,3,0,0,ACTIVE
137.5,narrow,baseline,11.6,3.413,1.0,2,99.4,12.01,True,3,0,0,ACTIVE
138.0,narrow,baseline,12.1,3.413,1.0,2,99.4,12.11,True,3,0,0,ACTIVE
138.5,narrow,baseline,12.6,3.413,1.0,2,99.4,12.2,True,3,0,0,ACTIVE
139.0,narrow,baseline,13.2,3.413,1.0,2,99.4,12.31,True,3,0,0,ACTIVE
139.5,narrow,baseline,13.7,3.413,1.0,3,99.4,12.35,True,3,0,0,ACTIVE
140.0,narrow,baseline,14.2,3.413,1.0,4,99.4,12.35,True,3,0,0,ACTIVE
140.5,narrow,baseline,14.7,3.413,1.0,6,99.4,12.35,True,3,0,0,ACTIVE
141.0,narrow,baseline,15.2,3.413,1.0,6,99.4,12.36,True,3,0,0,ACTIVE
141.5,narrow,baseline,15.7,3.413,1.0,6,99.4,12.46,True,3,0,0,ACTIVE
142.0,narrow,baseline,16.2,3.413,1.0,6,99.4,12.56,True,3,0,0,ACTIVE
142.5,narrow,baseline,16.7,3.413,1.0,6,99.4,12.66,True,3,0,0,ACTIVE
143.0,narrow,baseline,17.2,3.413,1.0,6,99.4,12.76,True,3,0,0,ACTIVE
143.5,narrow,baseline,17.7,3.413,1.0,6,99.4,12.86,True,3,0,0,ACTIVE
144.0,narrow,baseline,18.2,3.413,1.0,6,99.4,12.96,True,3,0,0,ACTIVE
144.5,narrow,baseline,18.7,3.413,1.0,6,99.3,13.06,True,3,0,0,ACTIVE
145.0,narrow,baseline,19.2,3.413,1.0,6,99.3,13.15,True,3,0,0,ACTIVE
145.5,narrow,baseline,19.7,3.413,1.0,6,99.3,13.25,True,3,0,0,ACTIVE
146.0,narrow,baseline,20.2,3.413,1.0,6,99.3,13.35,True,3,0,0,ACTIVE
146.5,narrow,baseline,20.7,3.413,1.0,6,99.3,13.44,True,3,0,0,ACTIVE
147.0,narrow,baseline,21.3,3.413,1.0,6,99.3,13.54,True,3,0,0,ACTIVE
147.5,narrow,baseline,21.8,3.413,1.0,6,99.3,13.64,True,3,0,0,ACTIVE
148.0,narrow,baseline,22.3,3.413,1.0,6,99.3,13.72,True,3,0,0,ACTIVE
148.5,narrow,baseline,22.8,3.413,1.0,6,99.3,13.82,True,3,0,0,ACTIVE
149.0,narrow,baseline,23.3,3.413,1.0,6,99.3,13.92,True,3,0,0,ACTIVE
149.5,narrow,baseline,23.8,3.413,1.0,6,99.3,14.01,True,3,0,0,ACTIVE
150.0,narrow,baseline,24.3,3.413,1.0,6,99.3,14.08,True,3,0,0,ACTIVE
150.5,narrow,baseline,24.8,3.413,1.0,6,99.3,14.14,True,3,0,0,ACTIVE
151.0,narrow,baseline,25.3,3.413,1.0,6,99.3,14.17,True,3,0,0,ACTIVE
151.5,narrow,baseline,25.8,3.413,1.0,6,99.3,14.19,True,3,0,0,ACTIVE
152.0,narrow,baseline,26.3,3.413,1.0,6,99.3,14.2,True,3,0,0,ACTIVE
152.5,narrow,baseline,26.8,3.413,1.0,6,99.3,14.21,True,3,0,0,ACTIVE
153.0,narrow,baseline,27.3,3.413,1.0,6,99.3,14.22,True,3,0,0,ACTIVE
153.5,narrow,baseline,27.8,3.413,0.99,6,99.3,14.23,True,3,0,0,ACTIVE
154.0,narrow,baseline,28.0,0.133,0.99,6,99.3,14.26,False,4,0,0,SUCCEEDED
154.5,narrow,baseline,28.0,0.133,0.99,6,99.3,14.29,False,4,0,0,SUCCEEDED
155.0,narrow,baseline,28.0,0.133,0.99,6,99.3,14.31,False,4,0,0,SUCCEEDED
155.5,narrow,baseline,28.0,0.133,0.99,6,99.3,14.33,False,4,0,0,SUCCEEDED
156.0,narrow,baseline,28.0,0.133,0.99,6,99.3,14.33,False,4,0,0,SUCCEEDED
156.5,narrow,baseline,0.5,0.133,1.0,0,99.3,14.34,True,4,0,0,ACTIVE
157.0,narrow,baseline,1.0,0.133,1.0,0,99.3,14.34,True,4,0,0,ACTIVE
157.5,narrow,baseline,1.5,0.133,1.0,0,99.3,14.35,True,4,0,0,ACTIVE
158.0,narrow,baseline,2.0,0.133,1.0,0,99.3,14.36,True,4,0,0,ACTIVE
158.5,narrow,baseline,2.5,0.133,1.0,0,99.3,14.41,True,4,0,0,ACTIVE
159.0,narrow,baseline,3.0,0.133,1.0,0,99.3,14.45,True,4,0,0,ACTIVE
159.5,narrow,baseline,3.5,0.133,1.0,0,99.3,14.5,True,4,0,0,ACTIVE
160.0,narrow,baseline,4.0,0.133,1.0,0,99.3,14.52,True,4,0,0,ACTIVE
160.5,narrow,baseline,4.5,0.133,1.0,0,99.3,14.53,True,4,0,0,ACTIVE
161.0,narrow,baseline,5.0,0.133,1.0,0,99.3,14.54,True,4,0,0,ACTIVE
161.5,narrow,baseline,5.5,0.133,1.0,0,99.3,14.55,True,4,0,0,ACTIVE
162.0,narrow,baseline,6.0,0.133,1.0,0,99.3,14.64,True,4,0,0,ACTIVE
162.5,narrow,baseline,6.5,0.133,1.0,0,99.3,14.74,True,4,0,0,ACTIVE
163.0,narrow,baseline,7.1,0.133,1.0,0,99.3,14.84,True,4,0,0,ACTIVE
163.5,narrow,baseline,7.6,0.133,1.0,0,99.3,14.95,True,4,0,0,ACTIVE
164.0,narrow,baseline,8.1,0.133,1.0,0,99.2,15.04,True,4,0,0,ACTIVE
164.5,narrow,baseline,8.6,0.133,1.0,0,99.2,15.14,True,4,0,0,ACTIVE
165.0,narrow,baseline,9.1,0.133,1.0,0,99.2,15.25,True,4,0,0,ACTIVE
165.5,narrow,baseline,9.6,0.133,1.0,0,99.2,15.34,True,4,0,0,ACTIVE
166.0,narrow,baseline,10.1,0.133,1.0,0,99.2,15.44,True,4,0,0,ACTIVE
166.5,narrow,baseline,10.6,0.133,1.0,0,99.2,15.53,True,4,0,0,ACTIVE
167.0,narrow,baseline,11.1,0.133,1.0,0,99.2,15.63,True,4,0,0,ACTIVE
167.5,narrow,baseline,11.6,0.133,1.0,0,99.2,15.72,True,4,0,0,ACTIVE
168.0,narrow,baseline,12.1,0.133,1.0,0,99.2,15.81,True,4,0,0,ACTIVE
168.5,narrow,baseline,12.6,0.133,0.93,0,99.2,15.91,True,4,0,0,ACTIVE
169.0,narrow,baseline,13.1,0.133,0.88,0,99.2,16.0,True,4,0,0,ACTIVE
169.5,narrow,baseline,13.6,0.133,0.83,0,99.2,16.11,True,4,0,0,ACTIVE
170.0,narrow,baseline,14.1,0.133,0.78,0,99.2,16.22,True,4,0,0,ACTIVE
170.5,narrow,baseline,14.6,0.133,0.74,0,99.2,16.31,True,4,0,0,ACTIVE
171.0,narrow,baseline,15.1,0.133,0.71,0,99.2,16.41,True,4,0,0,ACTIVE
171.5,narrow,baseline,15.6,0.133,0.67,0,99.2,16.51,True,4,0,0,ACTIVE
172.0,narrow,baseline,16.2,0.133,0.64,0,99.2,16.62,True,4,0,0,ACTIVE
172.5,narrow,baseline,16.7,0.133,0.62,0,99.2,16.71,True,4,0,0,ACTIVE
173.0,narrow,baseline,17.2,0.133,0.6,0,99.2,16.79,True,4,0,0,ACTIVE
173.5,narrow,baseline,17.7,0.133,0.57,0,99.2,16.89,True,4,0,0,ACTIVE
174.0,narrow,baseline,18.2,0.133,0.55,0,99.2,16.99,True,4,0,0,ACTIVE
174.5,narrow,baseline,18.7,0.133,0.53,0,99.1,17.09,True,4,0,0,ACTIVE
175.0,narrow,baseline,19.2,0.133,0.51,0,99.1,17.2,True,4,0,0,ACTIVE
175.5,narrow,baseline,19.7,0.133,0.49,0,99.1,17.28,True,4,0,0,ACTIVE
176.0,narrow,baseline,20.2,0.133,0.48,0,99.1,17.38,True,4,0,0,ACTIVE
176.5,narrow,baseline,20.7,0.133,0.46,0,99.1,17.49,True,4,0,0,ACTIVE
177.0,narrow,baseline,21.2,0.133,0.45,0,99.1,17.58,True,4,0,0,ACTIVE
177.5,narrow,baseline,21.7,0.133,0.44,0,99.1,17.68,True,4,0,0,ACTIVE
178.0,narrow,baseline,22.2,0.133,0.42,0,99.1,17.78,True,4,0,0,ACTIVE
178.5,narrow,baseline,22.7,0.133,0.41,0,99.1,17.87,True,4,0,0,ACTIVE
179.0,narrow,baseline,23.2,0.133,0.4,0,99.1,17.95,True,4,0,0,ACTIVE
179.5,narrow,baseline,23.7,0.133,0.39,0,99.1,18.04,True,4,0,0,ACTIVE
180.0,narrow,baseline,24.2,0.133,0.38,0,99.1,18.14,True,4,0,0,ACTIVE
180.5,narrow,baseline,24.7,0.133,0.37,0,99.1,18.24,True,4,0,0,ACTIVE
181.0,narrow,baseline,25.2,0.133,0.37,0,99.1,18.34,True,4,0,0,ACTIVE
181.5,narrow,baseline,25.7,0.133,0.36,0,99.1,18.43,True,4,0,0,ACTIVE
182.0,narrow,baseline,26.2,0.133,0.35,0,99.1,18.54,True,4,0,0,ACTIVE
182.5,narrow,baseline,26.7,0.133,0.34,0,99.1,18.63,True,4,0,0,ACTIVE
183.0,narrow,baseline,27.3,0.133,0.33,0,99.1,18.74,True,4,0,0,ACTIVE
183.5,narrow,baseline,27.8,0.133,0.32,0,99.1,18.84,True,4,0,0,ACTIVE
184.0,narrow,baseline,28.3,0.133,0.32,0,99.1,18.93,True,4,0,0,ACTIVE
184.5,narrow,baseline,28.8,0.133,0.31,0,99.0,19.04,True,4,0,0,ACTIVE
185.0,narrow,baseline,29.3,0.133,0.3,0,99.0,19.14,True,4,0,0,ACTIVE
185.5,narrow,baseline,29.8,0.133,0.3,0,99.0,19.24,True,4,0,0,ACTIVE
186.0,narrow,baseline,30.3,0.133,0.29,0,99.0,19.33,True,4,0,0,ACTIVE
186.5,narrow,baseline,30.8,0.133,0.29,0,99.0,19.44,True,4,0,0,ACTIVE
187.0,narrow,baseline,31.3,0.133,0.28,0,99.0,19.54,True,4,0,0,ACTIVE
187.5,narrow,baseline,31.8,0.133,0.28,0,99.0,19.63,True,4,0,0,ACTIVE
188.0,narrow,baseline,32.3,0.133,0.27,0,99.0,19.73,True,4,0,0,ACTIVE
188.5,narrow,baseline,32.8,0.133,0.27,0,99.0,19.83,True,4,0,0,ACTIVE
189.0,narrow,baseline,33.3,0.133,0.26,0,99.0,19.94,True,4,0,0,ACTIVE
189.5,narrow,baseline,33.8,0.133,0.26,0,99.0,20.03,True,4,0,0,ACTIVE
190.0,narrow,baseline,34.3,0.133,0.25,0,99.0,20.13,True,4,0,0,ACTIVE
190.5,narrow,baseline,34.8,0.133,0.25,0,99.0,20.24,True,4,0,0,ACTIVE
191.0,narrow,baseline,35.3,0.133,0.24,0,99.0,20.33,True,4,0,0,ACTIVE
191.5,narrow,baseline,35.8,0.133,0.24,0,99.0,20.43,True,4,0,0,ACTIVE
192.0,narrow,baseline,36.3,0.133,0.24,0,99.0,20.51,True,4,0,0,ACTIVE
192.5,narrow,baseline,36.8,0.133,0.23,0,99.0,20.58,True,4,0,0,ACTIVE
193.0,narrow,baseline,37.3,0.133,0.23,0,99.0,20.63,True,4,0,0,ACTIVE
193.5,narrow,baseline,37.9,0.133,0.23,0,99.0,20.67,True,4,0,0,ACTIVE
194.0,narrow,baseline,38.4,0.133,0.23,0,99.0,20.68,True,4,0,0,ACTIVE
194.5,narrow,baseline,38.9,0.133,0.23,0,99.0,20.69,True,4,0,0,ACTIVE
195.0,narrow,baseline,39.4,0.133,0.23,0,99.0,20.69,True,4,0,0,ACTIVE
195.5,narrow,baseline,39.9,0.133,0.23,0,99.0,20.7,True,4,0,0,ACTIVE
196.0,narrow,baseline,40.1,0.235,0.23,0,99.0,20.72,False,5,0,0,SUCCEEDED
196.5,narrow,baseline,40.1,0.235,0.23,0,99.0,20.75,False,5,0,0,SUCCEEDED
197.0,narrow,baseline,40.1,0.235,0.23,0,99.0,20.78,False,5,0,0,SUCCEEDED
197.5,narrow,baseline,40.1,0.235,0.23,0,99.0,20.81,False,5,0,0,SUCCEEDED
198.0,narrow,baseline,40.1,0.235,0.23,0,99.0,20.83,False,5,0,0,SUCCEEDED
198.5,narrow,baseline,0.5,0.235,1.0,0,99.0,20.87,True,5,0,0,ACTIVE
199.0,narrow,baseline,1.0,0.235,1.0,0,99.0,20.87,True,5,0,0,ACTIVE
199.5,narrow,baseline,1.5,0.235,1.0,0,99.0,20.91,True,5,0,0,ACTIVE
200.0,narrow,baseline,2.0,0.235,1.0,0,98.9,21.01,True,5,0,0,ACTIVE
200.5,narrow,baseline,2.5,0.235,1.0,0,98.9,21.11,True,5,0,0,ACTIVE
201.0,narrow,baseline,3.0,0.235,1.0,0,98.9,21.23,True,5,0,0,ACTIVE
201.5,narrow,baseline,3.5,0.235,1.0,0,98.9,21.33,True,5,0,0,ACTIVE
202.0,narrow,baseline,4.0,0.235,1.0,0,98.9,21.43,True,5,0,0,ACTIVE
202.5,narrow,baseline,4.5,0.235,1.0,0,98.9,21.53,True,5,0,0,ACTIVE
203.0,narrow,baseline,5.0,0.235,1.0,0,98.9,21.6,True,5,0,0,ACTIVE
203.5,narrow,baseline,5.5,0.235,1.0,0,98.9,21.7,True,5,0,0,ACTIVE
204.0,narrow,baseline,6.0,0.235,1.0,0,98.9,21.81,True,5,0,0,ACTIVE
204.5,narrow,baseline,6.5,0.235,1.0,0,98.9,21.88,True,5,0,0,ACTIVE
205.0,narrow,baseline,7.0,0.235,1.0,0,98.9,21.98,True,5,0,0,ACTIVE
205.5,narrow,baseline,7.5,0.235,1.0,0,98.9,22.08,True,5,0,0,ACTIVE
206.0,narrow,baseline,8.1,0.235,1.0,0,98.9,22.16,True,5,0,0,ACTIVE
206.5,narrow,baseline,8.6,0.235,1.0,0,98.9,22.26,True,5,0,0,ACTIVE
207.0,narrow,baseline,9.1,0.235,1.0,0,98.9,22.36,True,5,0,0,ACTIVE
207.5,narrow,baseline,9.6,0.235,1.0,0,98.9,22.44,True,5,0,0,ACTIVE
208.0,narrow,baseline,10.1,0.235,1.0,0,98.9,22.54,True,5,0,0,ACTIVE
208.5,narrow,baseline,10.6,0.235,1.0,0,98.9,22.64,True,5,0,0,ACTIVE
209.0,narrow,baseline,11.1,0.235,1.0,0,98.9,22.74,True,5,0,0,ACTIVE
209.5,narrow,baseline,11.6,0.235,1.0,0,98.9,22.84,True,5,0,0,ACTIVE
210.0,narrow,baseline,12.1,0.235,1.0,0,98.9,22.92,True,5,0,0,ACTIVE
210.5,narrow,baseline,12.6,0.235,1.0,0,98.8,23.02,True,5,0,0,ACTIVE
211.0,narrow,baseline,13.1,0.235,1.0,0,98.8,23.12,True,5,0,0,ACTIVE
211.5,narrow,baseline,13.6,0.235,1.0,0,98.8,23.21,True,5,0,0,ACTIVE
212.0,narrow,baseline,14.1,0.235,1.0,0,98.8,23.32,True,5,0,0,ACTIVE
212.5,narrow,baseline,14.6,0.235,1.0,0,98.8,23.42,True,5,0,0,ACTIVE
213.0,narrow,baseline,15.1,0.235,1.0,0,98.8,23.5,True,5,0,0,ACTIVE
213.5,narrow,baseline,15.7,0.235,1.0,0,98.8,23.58,True,5,0,0,ACTIVE
214.0,narrow,baseline,16.2,0.235,1.0,0,98.8,23.62,True,5,0,0,ACTIVE
214.5,narrow,baseline,16.7,0.235,1.0,0,98.8,23.67,True,5,0,0,ACTIVE
215.0,narrow,baseline,17.2,0.235,1.0,0,98.8,23.7,True,5,0,0,ACTIVE
215.5,narrow,baseline,17.7,0.235,1.0,0,98.8,23.71,True,5,0,0,ACTIVE
216.0,narrow,baseline,18.2,0.235,1.0,0,98.8,23.72,True,5,0,0,ACTIVE
216.5,narrow,baseline,18.7,0.235,0.99,0,98.8,23.74,True,5,0,0,ACTIVE
217.0,narrow,baseline,19.2,0.139,0.99,0,98.8,23.76,False,6,0,0,SUCCEEDED
217.5,narrow,baseline,19.2,0.139,0.99,0,98.8,23.8,False,6,0,0,SUCCEEDED
218.0,narrow,baseline,19.2,0.139,0.99,0,98.8,23.83,False,6,0,0,SUCCEEDED
218.5,narrow,baseline,19.2,0.139,0.99,0,98.8,23.85,False,6,0,0,SUCCEEDED
219.0,narrow,baseline,19.2,0.139,0.99,0,98.8,23.89,False,6,0,0,SUCCEEDED
219.5,narrow,baseline,0.5,0.139,1.0,0,98.8,23.9,True,6,0,0,ACTIVE
220.0,narrow,baseline,1.0,0.139,1.0,0,98.8,23.96,True,6,0,0,ACTIVE
220.5,narrow,baseline,1.5,0.139,1.0,0,98.8,24.06,True,6,0,0,ACTIVE
221.0,narrow,baseline,2.0,0.139,1.0,0,98.8,24.15,True,6,0,0,ACTIVE
221.5,narrow,baseline,2.5,0.139,1.0,0,98.8,24.23,True,6,0,0,ACTIVE
222.0,narrow,baseline,3.0,0.139,1.0,0,98.8,24.33,True,6,0,0,ACTIVE
222.5,narrow,baseline,3.5,0.139,1.0,0,98.8,24.43,True,6,0,0,ACTIVE
223.0,narrow,baseline,4.0,0.139,1.0,0,98.8,24.54,True,6,0,0,ACTIVE
223.5,narrow,baseline,4.5,0.139,1.0,0,98.8,24.63,True,6,0,0,ACTIVE
224.0,narrow,baseline,5.0,0.139,1.0,0,98.8,24.73,True,6,0,0,ACTIVE
224.5,narrow,baseline,5.5,0.139,1.0,0,98.8,24.83,True,6,0,0,ACTIVE
225.0,narrow,baseline,6.0,0.139,1.0,0,98.8,24.92,True,6,0,0,ACTIVE
225.5,narrow,baseline,6.6,0.139,1.0,0,98.7,25.03,True,6,0,0,ACTIVE
226.0,narrow,baseline,7.1,0.139,1.0,0,98.7,25.12,True,6,0,0,ACTIVE
226.5,narrow,baseline,7.6,0.139,1.0,0,98.7,25.21,True,6,0,0,ACTIVE
227.0,narrow,baseline,8.1,0.139,1.0,0,98.7,25.32,True,6,0,0,ACTIVE
227.5,narrow,baseline,8.6,0.139,1.0,0,98.7,25.43,True,6,0,0,ACTIVE
228.0,narrow,baseline,9.1,0.139,1.0,0,98.7,25.53,True,6,0,0,ACTIVE
228.5,narrow,baseline,9.6,0.139,1.0,0,98.7,25.63,True,6,0,0,ACTIVE
229.0,narrow,baseline,10.1,0.139,1.0,0,98.7,25.73,True,6,0,0,ACTIVE
229.5,narrow,baseline,10.6,0.139,1.0,0,98.7,25.84,True,6,0,0,ACTIVE
230.0,narrow,baseline,11.1,0.139,1.0,0,98.7,25.94,True,6,0,0,ACTIVE
230.5,narrow,baseline,11.6,0.139,1.0,0,98.7,26.04,True,6,0,0,ACTIVE
231.0,narrow,baseline,12.1,0.139,1.0,0,98.7,26.14,True,6,0,0,ACTIVE
231.5,narrow,baseline,12.6,0.139,1.0,0,98.7,26.25,True,6,0,0,ACTIVE
232.0,narrow,baseline,13.1,0.139,1.0,0,98.7,26.35,True,6,0,0,ACTIVE
232.5,narrow,baseline,13.6,0.139,1.0,0,98.7,26.45,True,6,0,0,ACTIVE
233.0,narrow,baseline,14.1,0.139,1.0,0,98.7,26.54,True,6,0,0,ACTIVE
233.5,narrow,baseline,14.6,0.139,1.0,0,98.7,26.62,True,6,0,0,ACTIVE
234.0,narrow,baseline,15.1,0.139,1.0,0,98.7,26.68,True,6,0,0,ACTIVE
234.5,narrow,baseline,15.6,0.139,1.0,0,98.7,26.73,True,6,0,0,ACTIVE
235.0,narrow,baseline,16.2,0.139,1.0,0,98.7,26.77,True,6,0,0,ACTIVE
235.5,narrow,baseline,16.7,0.139,1.0,0,98.7,26.77,True,6,0,0,ACTIVE
236.0,narrow,baseline,17.2,0.139,1.0,0,98.7,26.78,True,6,0,0,ACTIVE
236.5,narrow,baseline,17.7,0.139,1.0,0,98.7,26.79,True,6,0,0,ACTIVE
237.0,narrow,baseline,18.2,0.139,0.99,0,98.7,26.81,True,6,0,0,ACTIVE
237.5,narrow,baseline,18.5,0.258,0.98,0,98.7,26.83,False,7,0,0,SUCCEEDED
238.0,narrow,baseline,18.5,0.258,0.98,0,98.7,26.85,False,7,0,0,SUCCEEDED
238.5,narrow,baseline,18.5,0.258,0.98,0,98.7,26.87,False,7,0,0,SUCCEEDED
239.0,narrow,baseline,18.5,0.258,0.98,0,98.7,26.88,False,7,0,0,SUCCEEDED
239.5,narrow,baseline,18.5,0.258,0.98,0,98.7,26.89,False,7,0,0,SUCCEEDED
240.0,narrow,baseline,0.0,0.258,1.0,0,98.7,26.91,True,7,0,0,ACTIVE
240.5,narrow,baseline,0.5,0.258,1.0,0,98.7,26.91,True,7,0,0,ACTIVE
241.0,narrow,baseline,1.0,0.258,1.0,0,98.7,26.92,True,7,0,0,ACTIVE
241.5,narrow,baseline,1.5,0.258,1.0,0,98.7,26.98,True,7,0,0,ACTIVE
242.0,narrow,baseline,2.0,0.258,1.0,0,98.6,27.09,True,7,0,0,ACTIVE
242.5,narrow,baseline,2.5,0.258,1.0,0,98.6,27.2,True,7,0,0,ACTIVE
243.0,narrow,baseline,3.0,0.258,0.75,0,98.6,27.3,True,7,0,0,ACTIVE
243.5,narrow,baseline,3.5,0.258,0.59,0,98.6,27.4,True,7,0,0,ACTIVE
244.0,narrow,baseline,4.0,0.258,0.49,0,98.6,27.5,True,7,0,0,ACTIVE
244.5,narrow,baseline,4.5,0.258,0.42,0,98.6,27.59,True,7,0,0,ACTIVE
245.0,narrow,baseline,5.1,0.258,0.37,0,98.6,27.69,True,7,0,0,ACTIVE
245.5,narrow,baseline,5.6,0.258,0.33,0,98.6,27.78,True,7,0,0,ACTIVE
246.0,narrow,baseline,6.1,0.258,0.3,0,98.6,27.88,True,7,0,0,ACTIVE
246.5,narrow,baseline,6.6,0.258,0.27,0,98.6,27.98,True,7,0,0,ACTIVE
247.0,narrow,baseline,7.1,0.258,0.25,0,98.6,28.07,True,7,0,0,ACTIVE
247.5,narrow,baseline,7.6,0.258,0.23,0,98.6,28.17,True,7,0,0,ACTIVE
248.0,narrow,baseline,8.1,0.258,0.21,0,98.6,28.27,True,7,0,0,ACTIVE
248.5,narrow,baseline,8.6,0.258,0.19,0,98.6,28.38,True,7,0,0,ACTIVE
249.0,narrow,baseline,9.1,0.258,0.18,0,98.6,28.47,True,7,0,0,ACTIVE
249.5,narrow,baseline,9.6,0.258,0.17,0,98.6,28.57,True,7,0,0,ACTIVE
250.0,narrow,baseline,10.1,0.258,0.16,0,98.6,28.67,True,7,0,0,ACTIVE
250.5,narrow,baseline,10.6,0.258,0.15,0,98.6,28.78,True,7,0,0,ACTIVE
251.0,narrow,baseline,11.1,0.258,0.14,0,98.6,28.88,True,7,0,0,ACTIVE
251.5,narrow,baseline,11.6,0.258,0.14,0,98.6,28.97,True,7,0,0,ACTIVE
252.0,narrow,baseline,12.1,0.258,0.13,0,98.5,29.06,True,7,0,0,ACTIVE
252.5,narrow,baseline,12.6,0.258,0.13,0,98.5,29.16,True,7,0,0,ACTIVE
253.0,narrow,baseline,13.1,0.258,0.12,0,98.5,29.26,True,7,0,0,ACTIVE
253.5,narrow,baseline,13.6,0.258,0.12,0,98.5,29.36,True,7,0,0,ACTIVE
254.0,narrow,baseline,14.2,0.258,0.11,0,98.5,29.44,True,7,0,0,ACTIVE
254.5,narrow,baseline,14.7,0.258,0.11,0,98.5,29.53,True,7,0,0,ACTIVE
255.0,narrow,baseline,15.2,0.258,0.1,0,98.5,29.61,True,7,0,0,ACTIVE
255.5,narrow,baseline,15.7,0.258,0.1,0,98.5,29.7,True,7,0,0,ACTIVE
256.0,narrow,baseline,16.2,0.258,0.1,0,98.5,29.8,True,7,0,0,ACTIVE
256.5,narrow,baseline,16.7,0.258,0.09,0,98.5,29.89,True,7,0,0,ACTIVE
257.0,narrow,baseline,17.2,0.258,0.09,0,98.5,30.0,True,7,0,0,ACTIVE
257.5,narrow,baseline,17.7,0.258,0.09,0,98.5,30.09,True,7,0,0,ACTIVE
258.0,narrow,baseline,18.2,0.258,0.09,0,98.5,30.19,True,7,0,0,ACTIVE
258.5,narrow,baseline,18.7,0.258,0.08,0,98.5,30.29,True,7,0,0,ACTIVE
259.0,narrow,baseline,19.2,0.258,0.08,0,98.5,30.39,True,7,0,0,ACTIVE
259.5,narrow,baseline,19.7,0.258,0.08,0,98.5,30.49,True,7,0,0,ACTIVE
260.0,narrow,baseline,20.2,0.258,0.08,0,98.5,30.59,True,7,0,0,ACTIVE
260.5,narrow,baseline,20.7,0.258,0.07,0,98.5,30.69,True,7,0,0,ACTIVE
261.0,narrow,baseline,21.2,0.258,0.07,0,98.5,30.79,True,7,0,0,ACTIVE
261.5,narrow,baseline,21.8,0.258,0.07,0,98.5,30.89,True,7,0,0,ACTIVE
262.0,narrow,baseline,22.3,0.258,0.07,0,98.5,31.0,True,7,0,0,ACTIVE
262.5,narrow,baseline,22.8,0.258,0.07,0,98.4,31.09,True,7,0,0,ACTIVE
263.0,narrow,baseline,23.3,0.258,0.07,0,98.4,31.19,True,7,0,0,ACTIVE
263.5,narrow,baseline,23.8,0.258,0.06,0,98.4,31.29,True,7,0,0,ACTIVE
264.0,narrow,baseline,24.3,0.258,0.06,0,98.4,31.38,True,7,0,0,ACTIVE
264.5,narrow,baseline,24.8,0.258,0.06,0,98.4,31.49,True,7,0,0,ACTIVE
265.0,narrow,baseline,25.3,0.258,0.06,0,98.4,31.59,True,7,0,0,ACTIVE
265.5,narrow,baseline,25.8,0.258,0.06,0,98.4,31.7,True,7,0,0,ACTIVE
266.0,narrow,baseline,26.3,0.258,0.06,0,98.4,31.79,True,7,0,0,ACTIVE
266.5,narrow,baseline,26.8,0.258,0.06,0,98.4,31.9,True,7,0,0,ACTIVE
267.0,narrow,baseline,27.3,0.258,0.06,0,98.4,31.98,True,7,0,0,ACTIVE
267.5,narrow,baseline,27.8,0.258,0.05,0,98.4,32.07,True,7,0,0,ACTIVE
268.0,narrow,baseline,28.3,0.258,0.05,0,98.4,32.17,True,7,0,0,ACTIVE
268.5,narrow,baseline,28.8,0.258,0.05,0,98.4,32.27,True,7,0,0,ACTIVE
269.0,narrow,baseline,29.3,0.258,0.05,0,98.4,32.36,True,7,0,0,ACTIVE
269.5,narrow,baseline,29.9,0.258,0.05,0,98.4,32.46,True,7,0,0,ACTIVE
270.0,narrow,baseline,30.4,0.258,0.05,0,98.4,32.56,True,7,0,0,ACTIVE
270.5,narrow,baseline,30.9,0.258,0.05,0,98.4,32.67,True,7,0,0,ACTIVE
271.0,narrow,baseline,31.4,0.258,0.05,0,98.4,32.75,True,7,0,0,ACTIVE
271.5,narrow,baseline,31.9,0.258,0.05,0,98.4,32.82,True,7,0,0,ACTIVE
272.0,narrow,baseline,32.4,0.258,0.05,0,98.4,32.87,True,7,0,0,ACTIVE
272.5,narrow,baseline,32.9,0.258,0.05,0,98.4,32.92,True,7,0,0,ACTIVE
273.0,narrow,baseline,33.4,0.258,0.05,0,98.4,32.96,True,7,0,0,ACTIVE
273.5,narrow,baseline,33.9,0.258,0.05,0,98.4,32.97,True,7,0,0,ACTIVE
274.0,narrow,baseline,34.4,0.258,0.05,0,98.4,32.97,True,7,0,0,ACTIVE
274.5,narrow,baseline,34.9,0.258,0.05,0,98.4,32.98,True,7,0,0,ACTIVE
275.0,narrow,baseline,35.4,1.315,0.05,0,98.4,32.99,False,8,0,0,SUCCEEDED
275.5,narrow,baseline,35.4,1.315,0.05,0,98.3,33.01,False,8,0,0,SUCCEEDED
276.0,narrow,baseline,35.4,1.315,0.05,0,98.3,33.04,False,8,0,0,SUCCEEDED
276.5,narrow,baseline,35.4,1.315,0.05,0,98.3,33.06,False,8,0,0,SUCCEEDED
277.0,narrow,baseline,35.4,1.315,0.05,0,98.3,33.08,False,8,0,0,SUCCEEDED
277.5,narrow,baseline,0.5,1.315,1.0,0,98.3,33.08,True,8,0,0,ACTIVE
278.0,narrow,baseline,1.0,1.315,1.0,0,98.3,33.09,True,8,0,0,ACTIVE
278.5,narrow,baseline,1.5,1.315,1.0,0,98.3,33.11,True,8,0,0,ACTIVE
279.0,narrow,baseline,2.0,1.315,0.56,0,98.3,33.19,True,8,0,0,ACTIVE
279.5,narrow,baseline,2.5,1.315,0.31,0,98.3,33.27,True,8,0,0,ACTIVE
280.0,narrow,baseline,3.0,1.315,0.22,0,98.3,33.35,True,8,0,0,ACTIVE
280.5,narrow,baseline,3.5,1.315,0.16,0,98.3,33.44,True,8,0,0,ACTIVE
281.0,narrow,baseline,4.0,1.315,0.13,0,98.3,33.53,True,8,0,0,ACTIVE
281.5,narrow,baseline,4.5,1.315,0.1,0,98.3,33.64,True,8,0,0,ACTIVE
282.0,narrow,baseline,5.0,1.315,0.09,0,98.3,33.74,True,8,0,0,ACTIVE
282.5,narrow,baseline,5.5,1.315,0.07,0,98.3,33.84,True,8,0,0,ACTIVE
283.0,narrow,baseline,6.1,1.315,0.07,0,98.3,33.93,True,8,0,0,ACTIVE
283.5,narrow,baseline,6.6,1.315,0.06,0,98.3,34.03,True,8,0,0,ACTIVE
284.0,narrow,baseline,7.1,1.315,0.05,0,98.3,34.11,True,8,0,0,ACTIVE
284.5,narrow,baseline,7.6,1.315,0.05,2,98.3,34.12,True,8,0,0,ACTIVE
285.0,narrow,baseline,8.1,1.315,0.05,3,98.3,34.13,True,8,0,0,ACTIVE
285.5,narrow,baseline,8.6,1.315,0.05,3,98.3,34.13,True,8,0,0,ACTIVE
286.0,narrow,baseline,9.1,1.315,0.05,3,98.3,34.13,True,8,0,0,ACTIVE
286.5,narrow,baseline,9.6,1.315,0.05,3,98.3,34.13,True,8,0,0,ACTIVE
287.0,narrow,baseline,10.1,1.315,0.05,3,98.3,34.14,True,8,0,0,ACTIVE
287.5,narrow,baseline,10.6,1.315,0.05,3,98.3,34.14,True,8,0,0,ACTIVE
288.0,narrow,baseline,11.1,1.315,0.05,3,98.3,34.14,True,8,0,0,ACTIVE
288.5,narrow,baseline,11.6,1.315,0.05,3,98.3,34.14,True,8,0,0,ACTIVE
289.0,narrow,baseline,12.1,1.315,0.05,3,98.3,34.14,True,8,0,0,ACTIVE
289.5,narrow,baseline,12.6,1.315,0.05,3,98.3,34.14,True,8,0,0,ACTIVE
290.0,narrow,baseline,13.1,1.315,0.05,3,98.3,34.14,True,8,0,0,ACTIVE
290.5,narrow,baseline,13.6,1.315,0.05,3,98.3,34.21,True,8,0,0,ACTIVE
291.0,narrow,baseline,14.1,1.315,0.05,3,98.3,34.31,True,8,0,0,ACTIVE
291.5,narrow,baseline,14.6,1.315,0.04,3,98.3,34.4,True,8,0,0,ACTIVE
292.0,narrow,baseline,15.1,1.315,0.04,3,98.3,34.51,True,8,0,0,ACTIVE
292.5,narrow,baseline,15.6,1.315,0.04,4,98.3,34.52,True,8,0,0,ACTIVE
293.0,narrow,baseline,16.1,1.315,0.04,5,98.3,34.53,True,8,0,0,ACTIVE
293.5,narrow,baseline,16.6,1.315,0.04,5,98.3,34.54,True,8,0,0,ACTIVE
294.0,narrow,baseline,17.2,1.315,0.04,5,98.3,34.54,True,8,0,0,ACTIVE
294.5,narrow,baseline,17.7,1.315,0.04,5,98.3,34.57,True,8,0,0,ACTIVE
295.0,narrow,baseline,18.2,1.315,0.04,5,98.3,34.6,True,8,0,0,ACTIVE
295.5,narrow,baseline,18.7,1.315,0.04,5,98.3,34.62,True,8,0,0,ACTIVE
296.0,narrow,baseline,19.2,1.315,0.04,5,98.3,34.65,True,8,0,0,ACTIVE
296.5,narrow,baseline,19.7,1.315,0.03,5,98.3,34.67,True,8,0,0,ACTIVE
297.0,narrow,baseline,20.2,1.315,0.03,5,98.3,34.7,True,8,0,0,ACTIVE
297.5,narrow,baseline,20.7,1.315,0.03,5,98.3,34.72,True,8,0,0,ACTIVE
298.0,narrow,baseline,21.2,1.315,0.03,5,98.3,34.75,True,8,0,0,ACTIVE
298.5,narrow,baseline,21.7,1.315,0.03,5,98.3,34.77,True,8,0,0,ACTIVE
299.0,narrow,baseline,22.2,1.315,0.03,5,98.3,34.8,True,8,0,0,ACTIVE
299.5,narrow,baseline,22.7,1.315,0.03,5,98.3,34.82,True,8,0,0,ACTIVE
300.0,narrow,baseline,23.2,1.315,0.03,5,98.3,34.86,True,8,0,0,ACTIVE
300.5,narrow,baseline,23.7,1.315,0.03,5,98.3,34.96,True,8,0,0,ACTIVE
301.0,narrow,baseline,24.2,1.315,0.03,5,98.2,35.06,True,8,0,0,ACTIVE
301.5,narrow,baseline,24.7,1.315,0.03,5,98.2,35.15,True,8,0,0,ACTIVE
302.0,narrow,baseline,25.2,1.315,0.03,6,98.2,35.2,True,8,0,0,ACTIVE
302.5,narrow,baseline,25.7,1.315,0.03,8,98.2,35.21,True,8,0,0,ACTIVE
303.0,narrow,baseline,26.2,1.315,0.03,8,98.2,35.21,True,8,0,0,ACTIVE
303.5,narrow,baseline,26.7,1.315,0.03,8,98.2,35.21,True,8,0,0,ACTIVE
304.0,narrow,baseline,27.3,1.315,0.03,9,98.2,35.22,True,8,0,0,ACTIVE
304.5,narrow,baseline,27.8,1.315,0.03,9,98.2,35.24,True,8,0,0,ACTIVE
305.0,narrow,baseline,28.3,1.315,0.03,10,98.2,35.24,True,8,0,0,ACTIVE
305.5,narrow,baseline,28.8,1.315,0.03,10,98.2,35.24,True,8,0,0,ACTIVE
306.0,narrow,baseline,29.3,1.315,0.03,11,98.2,35.24,True,8,0,0,ACTIVE
306.5,narrow,baseline,29.8,1.315,0.03,11,98.2,35.24,True,8,0,0,ACTIVE
307.0,narrow,baseline,30.3,1.315,0.03,11,98.2,35.25,True,8,0,0,ACTIVE
307.5,narrow,baseline,30.8,1.315,0.03,11,98.2,35.25,True,8,0,0,ACTIVE
308.0,narrow,baseline,31.3,1.315,0.03,11,98.2,35.25,True,8,0,0,ACTIVE
308.5,narrow,baseline,31.8,1.315,0.03,11,98.2,35.25,True,8,0,0,ACTIVE
309.0,narrow,baseline,32.3,1.315,0.03,11,98.2,35.25,True,8,0,0,ACTIVE
309.5,narrow,baseline,32.8,1.315,0.03,11,98.2,35.25,True,8,0,0,ACTIVE
310.0,narrow,baseline,33.3,1.315,0.03,11,98.2,35.25,True,8,0,0,ACTIVE
310.5,narrow,baseline,33.8,1.315,0.03,11,98.2,35.25,True,8,0,0,ACTIVE
311.0,narrow,baseline,34.3,1.315,0.03,11,98.2,35.26,True,8,0,0,ACTIVE
311.5,narrow,baseline,34.8,1.315,0.02,11,98.2,35.33,True,8,0,0,ACTIVE
312.0,narrow,baseline,35.3,1.315,0.02,13,98.2,35.33,True,8,0,0,ACTIVE
312.5,narrow,baseline,35.8,1.315,0.02,13,98.2,35.34,True,8,0,0,ACTIVE
313.0,narrow,baseline,36.3,1.315,0.02,13,98.2,35.34,True,8,0,0,ACTIVE
313.5,narrow,baseline,36.8,1.315,0.02,15,98.2,35.35,True,8,0,0,ACTIVE
314.0,narrow,baseline,37.4,1.315,0.02,15,98.2,35.35,True,8,0,0,ACTIVE
314.5,narrow,baseline,37.9,1.315,0.02,15,98.2,35.39,True,8,0,0,ACTIVE
315.0,narrow,baseline,38.4,1.315,0.02,15,98.2,35.46,True,8,0,0,ACTIVE
315.5,narrow,baseline,38.9,1.315,0.02,16,98.2,35.5,True,8,0,0,ACTIVE
316.0,narrow,baseline,39.4,1.315,0.02,17,98.2,35.5,True,8,0,0,ACTIVE
316.5,narrow,baseline,39.9,1.315,0.02,17,98.2,35.5,True,8,0,0,ACTIVE
317.0,narrow,baseline,40.4,1.315,0.02,17,98.2,35.5,True,8,0,0,ACTIVE
317.5,narrow,baseline,40.9,1.315,0.02,18,98.2,35.53,True,8,0,0,ACTIVE
318.0,narrow,baseline,41.4,1.315,0.02,18,98.2,35.53,True,8,0,0,ACTIVE
318.5,narrow,baseline,41.9,1.315,0.02,18,98.2,35.54,True,8,0,0,ACTIVE
319.0,narrow,baseline,42.4,1.315,0.02,18,98.2,35.54,True,8,0,0,ACTIVE
319.5,narrow,baseline,42.9,1.315,0.02,18,98.2,35.54,True,8,0,0,ACTIVE
320.0,narrow,baseline,43.4,1.315,0.02,18,98.2,35.54,True,8,0,0,ACTIVE
320.5,narrow,baseline,43.9,1.315,0.02,18,98.2,35.54,True,8,0,0,ACTIVE
321.0,narrow,baseline,44.4,1.315,0.02,18,98.2,35.54,True,8,0,0,ACTIVE
321.5,narrow,baseline,44.9,1.315,0.02,18,98.2,35.54,True,8,0,0,ACTIVE
322.0,narrow,baseline,45.4,1.315,0.02,18,98.2,35.54,True,8,0,0,ACTIVE
322.5,narrow,baseline,45.9,1.315,0.02,18,98.2,35.54,True,8,0,0,ACTIVE
323.0,narrow,baseline,46.5,1.315,0.02,18,98.2,35.62,True,8,0,0,ACTIVE
323.5,narrow,baseline,47.0,1.315,0.02,18,98.2,35.71,True,8,0,0,ACTIVE
324.0,narrow,baseline,47.5,1.315,0.02,18,98.2,35.81,True,8,0,0,ACTIVE
324.5,narrow,baseline,48.0,1.315,0.02,18,98.2,35.91,True,8,0,0,ACTIVE
325.0,narrow,baseline,48.5,1.315,0.02,18,98.2,36.01,True,8,0,0,ACTIVE
325.5,narrow,baseline,49.0,1.315,0.02,18,98.2,36.11,True,8,0,0,ACTIVE
326.0,narrow,baseline,49.5,1.315,0.02,18,98.2,36.21,True,8,0,0,ACTIVE
326.5,narrow,baseline,50.0,1.315,0.02,18,98.2,36.31,True,8,0,0,ACTIVE
327.0,narrow,baseline,50.5,1.315,0.02,18,98.2,36.4,True,8,0,0,ACTIVE
327.5,narrow,baseline,51.0,1.315,0.02,18,98.2,36.5,True,8,0,0,ACTIVE
328.0,narrow,baseline,51.5,1.315,0.02,18,98.2,36.57,True,8,0,0,ACTIVE
328.5,narrow,baseline,52.0,1.315,0.02,18,98.2,36.63,True,8,0,0,ACTIVE
329.0,narrow,baseline,52.5,1.315,0.02,18,98.2,36.67,True,8,0,0,ACTIVE
329.5,narrow,baseline,53.0,1.315,0.02,18,98.2,36.7,True,8,0,0,ACTIVE
330.0,narrow,baseline,53.5,1.315,0.02,18,98.2,36.71,True,8,0,0,ACTIVE
330.5,narrow,baseline,54.0,1.315,0.02,18,98.2,36.71,True,8,0,0,ACTIVE
331.0,narrow,baseline,54.5,1.315,0.02,18,98.2,36.73,True,8,0,0,ACTIVE
331.5,narrow,baseline,55.0,1.315,0.02,18,98.2,36.74,True,8,0,0,ACTIVE
332.0,narrow,baseline,55.5,1.315,0.01,18,98.2,36.76,True,8,0,0,ACTIVE
332.5,narrow,baseline,55.6,2.858,0.01,18,98.2,36.79,False,9,0,0,SUCCEEDED
333.0,narrow,baseline,55.6,2.858,0.01,18,98.2,36.81,False,9,0,0,SUCCEEDED
333.5,narrow,baseline,55.6,2.858,0.01,18,98.2,36.84,False,9,0,0,SUCCEEDED
334.0,narrow,baseline,55.6,2.858,0.01,18,98.2,36.9,False,9,0,0,SUCCEEDED
334.5,narrow,baseline,55.6,2.858,0.01,18,98.2,36.9,False,9,0,0,SUCCEEDED
335.0,narrow,baseline,55.6,2.858,0.01,18,98.2,36.91,False,9,0,0,SUCCEEDED
335.5,narrow,baseline,0.5,2.858,1.0,0,98.2,36.97,True,9,0,0,ACTIVE
336.0,narrow,baseline,1.0,2.858,1.0,0,98.1,37.07,True,9,0,0,ACTIVE
336.5,narrow,baseline,1.5,2.858,0.77,0,98.1,37.17,True,9,0,0,ACTIVE
337.0,narrow,baseline,2.0,2.858,0.55,0,98.1,37.28,True,9,0,0,ACTIVE
337.5,narrow,baseline,2.5,2.858,0.43,0,98.1,37.37,True,9,0,0,ACTIVE
338.0,narrow,baseline,3.0,2.858,0.36,0,98.1,37.46,True,9,0,0,ACTIVE
338.5,narrow,baseline,3.5,2.858,0.3,0,98.1,37.56,True,9,0,0,ACTIVE
339.0,narrow,baseline,4.0,2.858,0.26,0,98.1,37.65,True,9,0,0,ACTIVE
339.5,narrow,baseline,4.5,2.858,0.23,0,98.1,37.76,True,9,0,0,ACTIVE
340.0,narrow,baseline,5.0,2.858,0.2,0,98.1,37.87,True,9,0,0,ACTIVE
340.5,narrow,baseline,5.5,2.858,0.19,0,98.1,37.94,True,9,0,0,ACTIVE
341.0,narrow,baseline,6.0,2.858,0.17,0,98.1,38.05,True,9,0,0,ACTIVE
341.5,narrow,baseline,6.5,2.858,0.16,0,98.1,38.15,True,9,0,0,ACTIVE
342.0,narrow,baseline,7.1,2.858,0.14,0,98.1,38.25,True,9,0,0,ACTIVE
342.5,narrow,baseline,7.6,2.858,0.13,0,98.1,38.35,True,9,0,0,ACTIVE
343.0,narrow,baseline,8.1,2.858,0.13,0,98.1,38.45,True,9,0,0,ACTIVE
343.5,narrow,baseline,8.6,2.858,0.12,0,98.1,38.55,True,9,0,0,ACTIVE
344.0,narrow,baseline,9.1,2.858,0.11,0,98.1,38.65,True,9,0,0,ACTIVE
344.5,narrow,baseline,9.6,2.858,0.11,0,98.1,38.75,True,9,0,0,ACTIVE
345.0,narrow,baseline,10.1,2.858,0.1,0,98.1,38.85,True,9,0,0,ACTIVE
345.5,narrow,baseline,10.6,2.858,0.09,0,98.1,38.94,True,9,0,0,ACTIVE
346.0,narrow,baseline,11.1,2.858,0.09,0,98.0,39.04,True,9,0,0,ACTIVE
346.5,narrow,baseline,11.6,2.858,0.09,0,98.0,39.15,True,9,0,0,ACTIVE
347.0,narrow,baseline,12.1,2.858,0.08,0,98.0,39.24,True,9,0,0,ACTIVE
347.5,narrow,baseline,12.6,2.858,0.08,0,98.0,39.34,True,9,0,0,ACTIVE
348.0,narrow,baseline,13.1,2.858,0.08,0,98.0,39.44,True,9,0,0,ACTIVE
348.5,narrow,baseline,13.6,2.858,0.07,0,98.0,39.54,True,9,0,0,ACTIVE
349.0,narrow,baseline,14.1,2.858,0.07,0,98.0,39.63,True,9,0,0,ACTIVE
349.5,narrow,baseline,14.6,2.858,0.07,0,98.0,39.73,True,9,0,0,ACTIVE
350.0,narrow,baseline,15.1,2.858,0.07,0,98.0,39.84,True,9,0,0,ACTIVE
350.5,narrow,baseline,15.7,2.858,0.06,0,98.0,39.94,True,9,0,0,ACTIVE
351.0,narrow,baseline,16.2,2.858,0.06,0,98.0,40.03,True,9,0,0,ACTIVE
351.5,narrow,baseline,16.7,2.858,0.06,0,98.0,40.12,True,9,0,0,ACTIVE
352.0,narrow,baseline,17.2,2.858,0.06,0,98.0,40.22,True,9,0,0,ACTIVE
352.5,narrow,baseline,17.7,2.858,0.06,0,98.0,40.29,True,9,0,0,ACTIVE
353.0,narrow,baseline,18.2,2.858,0.06,0,98.0,40.38,True,9,0,0,ACTIVE
353.5,narrow,baseline,18.7,2.858,0.05,0,98.0,40.48,True,9,0,0,ACTIVE
354.0,narrow,baseline,19.2,2.858,0.05,0,98.0,40.58,True,9,0,0,ACTIVE
354.5,narrow,baseline,19.7,2.858,0.05,0,98.0,40.66,True,9,0,0,ACTIVE
355.0,narrow,baseline,20.2,2.858,0.05,0,98.0,40.74,True,9,0,0,ACTIVE
355.5,narrow,baseline,20.7,2.858,0.05,0,98.0,40.79,True,9,0,0,ACTIVE
356.0,narrow,baseline,21.2,2.858,0.05,0,98.0,40.82,True,9,0,0,ACTIVE
356.5,narrow,baseline,21.8,2.858,0.05,0,98.0,40.86,True,9,0,0,ACTIVE
357.0,narrow,baseline,22.3,2.858,0.05,0,98.0,40.86,True,9,0,0,ACTIVE
357.5,narrow,baseline,22.8,2.858,0.05,0,98.0,40.87,True,9,0,0,ACTIVE
358.0,narrow,baseline,23.3,2.858,0.05,0,98.0,40.87,True,9,0,0,ACTIVE
358.5,narrow,baseline,23.5,3.399,0.05,0,98.0,40.89,False,10,0,0,SUCCEEDED
359.0,narrow,baseline,23.5,3.399,0.05,0,98.0,40.9,False,10,0,0,SUCCEEDED
359.5,narrow,baseline,23.5,3.399,0.05,0,98.0,40.92,False,10,0,0,SUCCEEDED
360.0,narrow,baseline,23.5,3.399,0.05,0,98.0,40.93,False,10,0,0,SUCCEEDED
360.5,narrow,baseline,23.5,3.399,0.05,0,98.0,40.93,False,10,0,0,SUCCEEDED
361.0,narrow,baseline,23.5,3.399,0.05,0,98.0,40.93,False,10,0,0,SUCCEEDED
361.5,narrow,baseline,0.5,3.399,1.0,0,98.0,40.93,True,10,0,0,ACTIVE
362.0,narrow,baseline,1.0,3.399,1.0,0,98.0,40.94,True,10,0,0,ACTIVE
362.5,narrow,baseline,1.5,3.399,1.0,0,98.0,40.94,True,10,0,0,ACTIVE
363.0,narrow,baseline,2.1,3.399,1.0,0,98.0,40.95,True,10,0,0,ACTIVE
363.5,narrow,baseline,2.6,3.399,1.0,0,97.9,41.0,True,10,0,0,ACTIVE
364.0,narrow,baseline,3.1,3.399,1.0,0,97.9,41.05,True,10,0,0,ACTIVE
364.5,narrow,baseline,3.6,3.399,1.0,0,97.9,41.06,True,10,0,0,ACTIVE
365.0,narrow,baseline,4.1,3.399,1.0,0,97.9,41.07,True,10,0,0,ACTIVE
365.5,narrow,baseline,4.6,3.399,1.0,0,97.9,41.08,True,10,0,0,ACTIVE
366.0,narrow,baseline,5.2,3.399,1.0,0,97.9,41.09,True,10,0,0,ACTIVE
366.5,narrow,baseline,5.7,3.399,1.0,0,97.9,41.18,True,10,0,0,ACTIVE
367.0,narrow,baseline,6.2,3.399,1.0,0,97.9,41.29,True,10,0,0,ACTIVE
367.5,narrow,baseline,6.7,3.399,1.0,0,97.9,41.39,True,10,0,0,ACTIVE
368.0,narrow,baseline,7.3,3.399,1.0,0,97.9,41.48,True,10,0,0,ACTIVE
368.5,narrow,baseline,7.8,3.399,1.0,0,97.9,41.58,True,10,0,0,ACTIVE
369.0,narrow,baseline,8.3,3.399,1.0,0,97.9,41.68,True,10,0,0,ACTIVE
369.5,narrow,baseline,8.8,3.399,1.0,0,97.9,41.78,True,10,0,0,ACTIVE
370.0,narrow,baseline,9.3,3.399,1.0,0,97.9,41.87,True,10,0,0,ACTIVE
370.5,narrow,baseline,9.8,3.399,1.0,0,97.9,41.98,True,10,0,0,ACTIVE
371.0,narrow,baseline,10.3,3.399,1.0,0,97.9,42.06,True,10,0,0,ACTIVE
371.5,narrow,baseline,10.9,3.399,1.0,0,97.9,42.16,True,10,0,0,ACTIVE
372.0,narrow,baseline,11.4,3.399,1.0,0,97.9,42.26,True,10,0,0,ACTIVE
372.5,narrow,baseline,11.9,3.399,1.0,0,97.9,42.36,True,10,0,0,ACTIVE
373.0,narrow,baseline,12.4,3.399,1.0,0,97.9,42.45,True,10,0,0,ACTIVE
373.5,narrow,baseline,12.9,3.399,1.0,0,97.9,42.56,True,10,0,0,ACTIVE
374.0,narrow,baseline,13.4,3.399,1.0,0,97.9,42.66,True,10,0,0,ACTIVE
374.5,narrow,baseline,14.0,3.399,1.0,0,97.9,42.75,True,10,0,0,ACTIVE
375.0,narrow,baseline,14.5,3.399,1.0,0,97.9,42.85,True,10,0,0,ACTIVE
375.5,narrow,baseline,15.0,3.399,1.0,0,97.9,42.95,True,10,0,0,ACTIVE
376.0,narrow,baseline,15.5,3.399,1.0,0,97.8,43.05,True,10,0,0,ACTIVE
376.5,narrow,baseline,16.0,3.399,1.0,0,97.8,43.15,True,10,0,0,ACTIVE
377.0,narrow,baseline,16.5,3.399,1.0,0,97.8,43.25,True,10,0,0,ACTIVE
377.5,narrow,baseline,17.0,3.399,1.0,0,97.8,43.35,True,10,0,0,ACTIVE
378.0,narrow,baseline,17.5,3.399,1.0,0,97.8,43.44,True,10,0,0,ACTIVE
378.5,narrow,baseline,18.0,3.399,1.0,0,97.8,43.54,True,10,0,0,ACTIVE
379.0,narrow,baseline,18.5,3.399,1.0,0,97.8,43.64,True,10,0,0,ACTIVE
379.5,narrow,baseline,19.0,3.399,1.0,0,97.8,43.71,True,10,0,0,ACTIVE
380.0,narrow,baseline,19.5,3.399,1.0,0,97.8,43.78,True,10,0,0,ACTIVE
380.5,narrow,baseline,20.0,3.399,1.0,0,97.8,43.83,True,10,0,0,ACTIVE
381.0,narrow,baseline,20.1,0.146,1.0,0,97.8,43.86,False,11,0,0,SUCCEEDED
381.5,narrow,baseline,20.1,0.146,1.0,0,97.8,43.86,False,11,0,0,SUCCEEDED
382.0,narrow,baseline,20.1,0.146,1.0,0,97.8,43.86,False,11,0,0,SUCCEEDED
382.5,narrow,baseline,20.1,0.146,1.0,0,97.8,43.86,False,11,0,0,SUCCEEDED
383.0,narrow,baseline,20.1,0.146,1.0,0,97.8,43.86,False,11,0,0,SUCCEEDED
383.5,narrow,baseline,0.5,0.146,1.0,0,97.8,43.87,True,11,0,0,ACTIVE
384.0,narrow,baseline,1.0,0.146,1.0,0,97.8,43.88,True,11,0,0,ACTIVE
384.5,narrow,baseline,1.5,0.146,1.0,0,97.8,43.88,True,11,0,0,ACTIVE
385.0,narrow,baseline,2.0,0.146,1.0,0,97.8,43.89,True,11,0,0,ACTIVE
385.5,narrow,baseline,2.5,0.146,1.0,0,97.8,43.91,True,11,0,0,ACTIVE
386.0,narrow,baseline,3.0,0.146,1.0,0,97.8,43.98,True,11,0,0,ACTIVE
386.5,narrow,baseline,3.5,0.146,1.0,0,97.8,44.04,True,11,0,0,ACTIVE
387.0,narrow,baseline,4.0,0.146,1.0,0,97.8,44.07,True,11,0,0,ACTIVE
387.5,narrow,baseline,4.5,0.146,1.0,0,97.8,44.09,True,11,0,0,ACTIVE
388.0,narrow,baseline,5.0,0.146,1.0,0,97.8,44.09,True,11,0,0,ACTIVE
388.5,narrow,baseline,5.5,0.146,1.0,0,97.8,44.1,True,11,0,0,ACTIVE
389.0,narrow,baseline,6.0,0.146,1.0,0,97.8,44.18,True,11,0,0,ACTIVE
389.5,narrow,baseline,6.5,0.146,1.0,0,97.8,44.3,True,11,0,0,ACTIVE
390.0,narrow,baseline,7.1,0.146,1.0,0,97.8,44.39,True,11,0,0,ACTIVE
390.5,narrow,baseline,7.6,0.146,1.0,0,97.8,44.49,True,11,0,0,ACTIVE
391.0,narrow,baseline,8.1,0.146,1.0,0,97.8,44.59,True,11,0,0,ACTIVE
391.5,narrow,baseline,8.6,0.146,1.0,0,97.8,44.69,True,11,0,0,ACTIVE
392.0,narrow,baseline,9.1,0.146,1.0,0,97.8,44.79,True,11,0,0,ACTIVE
392.5,narrow,baseline,9.6,0.146,1.0,0,97.8,44.89,True,11,0,0,ACTIVE
393.0,narrow,baseline,10.1,0.146,1.0,0,97.8,44.99,True,11,0,0,ACTIVE
393.5,narrow,baseline,10.6,0.146,1.0,0,97.7,45.08,True,11,0,0,ACTIVE
394.0,narrow,baseline,11.1,0.146,1.0,0,97.7,45.19,True,11,0,0,ACTIVE
394.5,narrow,baseline,11.6,0.146,1.0,0,97.7,45.29,True,11,0,0,ACTIVE
395.0,narrow,baseline,12.1,0.146,1.0,0,97.7,45.38,True,11,0,0,ACTIVE
395.5,narrow,baseline,12.7,0.146,1.0,0,97.7,45.49,True,11,0,0,ACTIVE
396.0,narrow,baseline,13.2,0.146,1.0,0,97.7,45.59,True,11,0,0,ACTIVE
396.5,narrow,baseline,13.7,0.146,1.0,0,97.7,45.69,True,11,0,0,ACTIVE
397.0,narrow,baseline,14.2,0.146,1.0,0,97.7,45.78,True,11,0,0,ACTIVE
397.5,narrow,baseline,14.7,0.146,1.0,0,97.7,45.88,True,11,0,0,ACTIVE
398.0,narrow,baseline,15.2,0.146,1.0,0,97.7,45.98,True,11,0,0,ACTIVE
398.5,narrow,baseline,15.8,0.146,1.0,0,97.7,46.08,True,11,0,0,ACTIVE
399.0,narrow,baseline,16.3,0.146,1.0,0,97.7,46.18,True,11,0,0,ACTIVE
399.5,narrow,baseline,16.8,0.146,1.0,0,97.7,46.28,True,11,0,0,ACTIVE
400.0,narrow,baseline,17.3,0.146,1.0,0,97.7,46.38,True,11,0,0,ACTIVE
400.5,narrow,baseline,17.8,0.146,1.0,0,97.7,46.48,True,11,0,0,ACTIVE
401.0,narrow,baseline,18.3,0.146,1.0,0,97.7,46.57,True,11,0,0,ACTIVE
401.5,narrow,baseline,18.9,0.146,1.0,0,97.7,46.64,True,11,0,0,ACTIVE
402.0,narrow,baseline,19.4,0.146,1.0,0,97.7,46.69,True,11,0,0,ACTIVE
402.5,narrow,baseline,19.9,0.146,1.0,0,97.7,46.73,True,11,0,0,ACTIVE
403.0,narrow,baseline,20.4,0.133,0.99,0,97.7,46.74,False,12,0,0,SUCCEEDED
403.5,narrow,baseline,20.4,0.133,0.99,0,97.7,46.74,False,12,0,0,SUCCEEDED
404.0,narrow,baseline,20.4,0.133,0.99,0,97.7,46.74,False,12,0,0,SUCCEEDED
404.5,narrow,baseline,20.4,0.133,0.99,0,97.7,46.74,False,12,0,0,SUCCEEDED
405.0,narrow,baseline,20.4,0.133,0.99,0,97.7,46.74,False,12,0,0,SUCCEEDED
405.5,narrow,baseline,0.5,0.133,1.0,0,97.7,46.75,True,12,0,0,ACTIVE
406.0,narrow,baseline,1.0,0.133,1.0,0,97.7,46.76,True,12,0,0,ACTIVE
406.5,narrow,baseline,1.5,0.133,1.0,0,97.7,46.77,True,12,0,0,ACTIVE
407.0,narrow,baseline,2.0,0.133,1.0,0,97.7,46.85,True,12,0,0,ACTIVE
407.5,narrow,baseline,2.5,0.133,1.0,0,97.7,46.93,True,12,0,0,ACTIVE
408.0,narrow,baseline,3.1,0.133,1.0,0,97.6,47.01,True,12,0,0,ACTIVE
408.5,narrow,baseline,3.6,0.133,1.0,0,97.6,47.11,True,12,0,0,ACTIVE
409.0,narrow,baseline,4.1,0.133,1.0,0,97.6,47.21,True,12,0,0,ACTIVE
409.5,narrow,baseline,4.6,0.133,1.0,0,97.6,47.31,True,12,0,0,ACTIVE
410.0,narrow,baseline,5.1,0.133,1.0,0,97.6,47.41,True,12,0,0,ACTIVE
410.5,narrow,baseline,5.6,0.133,1.0,0,97.6,47.5,True,12,0,0,ACTIVE
411.0,narrow,baseline,6.1,0.133,1.0,1,97.6,47.55,True,12,0,0,ACTIVE
411.5,narrow,baseline,6.6,0.133,1.0,2,97.6,47.55,True,12,0,0,ACTIVE
412.0,narrow,baseline,7.1,0.133,1.0,2,97.6,47.56,True,12,0,0,ACTIVE
412.5,narrow,baseline,7.6,0.133,1.0,2,97.6,47.56,True,12,0,0,ACTIVE
413.0,narrow,baseline,8.1,0.133,1.0,2,97.6,47.59,True,12,0,0,ACTIVE
413.5,narrow,baseline,8.7,0.133,1.0,2,97.6,47.61,True,12,0,0,ACTIVE
414.0,narrow,baseline,9.1,0.133,1.0,2,97.6,47.64,True,12,0,0,ACTIVE
414.5,narrow,baseline,9.7,0.133,1.0,2,97.6,47.66,True,12,0,0,ACTIVE
415.0,narrow,baseline,10.2,0.133,1.0,2,97.6,47.69,True,12,0,0,ACTIVE
415.5,narrow,baseline,10.7,0.133,1.0,2,97.6,47.71,True,12,0,0,ACTIVE
416.0,narrow,baseline,11.2,0.133,1.0,2,97.6,47.74,True,12,0,0,ACTIVE
416.5,narrow,baseline,11.7,0.133,1.0,2,97.6,47.76,True,12,0,0,ACTIVE
417.0,narrow,baseline,12.2,0.133,1.0,2,97.6,47.79,True,12,0,0,ACTIVE
417.5,narrow,baseline,12.7,0.133,1.0,2,97.6,47.81,True,12,0,0,ACTIVE
418.0,narrow,baseline,13.2,0.133,1.0,2,97.6,47.84,True,12,0,0,ACTIVE
418.5,narrow,baseline,13.7,0.133,1.0,2,97.6,47.86,True,12,0,0,ACTIVE
419.0,narrow,baseline,14.2,0.133,1.0,2,97.6,47.94,True,12,0,0,ACTIVE
419.5,narrow,baseline,14.7,0.133,1.0,2,97.6,48.04,True,12,0,0,ACTIVE
420.0,narrow,baseline,15.2,0.133,1.0,2,97.6,48.13,True,12,0,0,ACTIVE
420.5,narrow,baseline,15.7,0.133,1.0,3,97.6,48.13,True,12,0,0,ACTIVE
421.0,narrow,baseline,16.2,0.133,1.0,5,97.6,48.13,True,12,0,0,ACTIVE
421.5,narrow,baseline,16.7,0.133,1.0,5,97.6,48.13,True,12,0,0,ACTIVE
422.0,narrow,baseline,17.2,0.133,1.0,7,97.6,48.13,True,12,0,0,ACTIVE
422.5,narrow,baseline,17.7,0.133,1.0,7,97.6,48.13,True,12,0,0,ACTIVE
423.0,narrow,baseline,18.2,0.133,1.0,7,97.6,48.13,True,12,0,0,ACTIVE
423.5,narrow,baseline,18.7,0.133,1.0,7,97.6,48.14,True,12,0,0,ACTIVE
424.0,narrow,baseline,19.2,0.133,1.0,7,97.6,48.15,True,12,0,0,ACTIVE
424.5,narrow,baseline,19.7,0.133,1.0,7,97.6,48.15,True,12,0,0,ACTIVE
425.0,narrow,baseline,20.3,0.133,1.0,7,97.6,48.18,True,12,0,0,ACTIVE
425.5,narrow,baseline,20.8,0.133,1.0,7,97.6,48.19,True,12,0,0,ACTIVE
426.0,narrow,baseline,21.3,0.133,1.0,7,97.6,48.21,True,12,0,0,ACTIVE
426.5,narrow,baseline,21.8,0.133,1.0,7,97.6,48.22,True,12,0,0,ACTIVE
427.0,narrow,baseline,22.3,0.133,1.0,7,97.6,48.23,True,12,0,0,ACTIVE
